Name,Add Tasks,Done
Core concepts & complexity,,No
Two pointer patterns,,No
Sliding window patterns,,No
Implementation drills,,No
Collision handling & complexity,,No
Hashing fundamentals,,No
Set-based problem patterns,,No
Implementation drills,,No
Stack fundamentals,,No
Monotonic stack patterns,,No
Queue vs deque use cases,,No
Implementation drills,,No
Cycle detection,,No
Pointer manipulation,,No
Reversal patterns,,No
Implementation drills,,No
Binary search fundamentals,,No
Search on answer,,No
Boundary conditions,,No
Tree traversal basics,,No
Implementation drills,,No
DFS patterns,,No
BFS patterns,,No
Implementation drills,,No
Heap fundamentals,,No
Top-K patterns,,No
Streaming data patterns,,No
Interval sorting & merging,,No
Implementation drills,,No
Overlap detection,,No
Sweep line intuition,,No
Implementation drills,,No
Graph representations,,No
Traversal patterns,,No
Cycle detection,,No
Implementation drills,,No
DP fundamentals,,No
1D DP patterns,,No
State transitions,,No
Implementation drills,,No
Masking patterns,,No
Bitwise operators,,No
XOR tricks,,No
Implementation drills,,No
Greedy intuition,,No
Proof of correctness,,No
Common greedy traps,,No
Implementation drills,,No
