Name,Archived,Cadence,Created,Type
"Operations Meeting @January 1, 2026 ",No,Daily,"January 1, 2026",Operations
"Daily Standup @January 1, 2026 ",No,Daily,"January 1, 2026",Standup
"Design Meeting @January 1, 2026 ",No,Daily,"January 1, 2026",Design
"Engineering Meeting @January 1, 2026 ",No,Daily,"January 1, 2026",Engineering
"Operations Meeting @January 2, 2026 ",No,Daily,"January 2, 2026",Operations
"Daily Standup @January 2, 2026 ",No,Daily,"January 2, 2026",Standup
"Design Meeting @January 2, 2026 ",No,Daily,"January 2, 2026",Design
"Engineering Meeting @January 2, 2026 ",No,Daily,"January 2, 2026",Engineering
"Sprint Planning @January 3, 2026 ",No,Biweekly,"January 3, 2026",Sprint Planning
"Weekly Sync @January 3, 2026 ",No,Weekly,"January 3, 2026",Weekly Sync
"Operations Meeting @January 5, 2026 ",No,Daily,"January 5, 2026",Operations
"Daily Standup @January 5, 2026 ",No,Daily,"January 5, 2026",Standup
"Design Meeting @January 5, 2026 ",No,Daily,"January 5, 2026",Design
"Engineering Meeting @January 5, 2026 ",No,Daily,"January 5, 2026",Engineering
"Operations Meeting @January 6, 2026 ",No,Daily,"January 6, 2026",Operations
"Daily Standup @January 6, 2026 ",No,Daily,"January 6, 2026",Standup
"Design Meeting @January 6, 2026 ",No,Daily,"January 6, 2026",Design
"Engineering Meeting @January 6, 2026 ",No,Daily,"January 6, 2026",Engineering
"Operations Meeting @January 7, 2026 ",No,Daily,"January 7, 2026",Operations
"Daily Standup @January 7, 2026 ",No,Daily,"January 7, 2026",Standup
"Design Meeting @January 7, 2026 ",No,Daily,"January 7, 2026",Design
"Engineering Meeting @January 7, 2026 ",No,Daily,"January 7, 2026",Engineering
"Operations Meeting @January 8, 2026 ",No,Daily,"January 8, 2026",Operations
"Daily Standup @January 8, 2026 ",No,Daily,"January 8, 2026",Standup
"Design Meeting @January 8, 2026 ",No,Daily,"January 8, 2026",Design
"Engineering Meeting @January 8, 2026 ",No,Daily,"January 8, 2026",Engineering
"Operations Meeting @January 9, 2026 ",No,Daily,"January 9, 2026",Operations
"Daily Standup @January 9, 2026 ",No,Daily,"January 9, 2026",Standup
"Design Meeting @January 9, 2026 ",No,Daily,"January 9, 2026",Design
"Engineering Meeting @January 9, 2026 ",No,Daily,"January 9, 2026",Engineering
"Weekly Sync @January 10, 2026 ",No,Weekly,"January 10, 2026",Weekly Sync
"Operations Meeting @January 12, 2026 ",No,Daily,"January 12, 2026",Operations
"Daily Standup @January 12, 2026 ",No,Daily,"January 12, 2026",Standup
"Design Meeting @January 12, 2026 ",No,Daily,"January 12, 2026",Design
"Engineering Meeting @January 12, 2026 ",No,Daily,"January 12, 2026",Engineering
"Operations Meeting @January 13, 2026 ",No,Daily,"January 13, 2026",Operations
"Daily Standup @January 13, 2026 ",No,Daily,"January 13, 2026",Standup
"Design Meeting @January 13, 2026 ",No,Daily,"January 13, 2026",Design
"Engineering Meeting @January 13, 2026 ",No,Daily,"January 13, 2026",Engineering
"Operations Meeting @January 14, 2026 ",No,Daily,"January 14, 2026",Operations
"Daily Standup @January 14, 2026 ",No,Daily,"January 14, 2026",Standup
"Design Meeting @January 14, 2026 ",No,Daily,"January 14, 2026",Design
"Engineering Meeting @January 14, 2026 ",No,Daily,"January 14, 2026",Engineering
"Operations Meeting @January 15, 2026 ",No,Daily,"January 15, 2026",Operations
"Daily Standup @January 15, 2026 ",No,Daily,"January 15, 2026",Standup
"Design Meeting @January 15, 2026 ",No,Daily,"January 15, 2026",Design
"Engineering Meeting @January 15, 2026 ",No,Daily,"January 15, 2026",Engineering
"Operations Meeting @January 16, 2026 ",No,Daily,"January 16, 2026",Operations
"Daily Standup @January 16, 2026 ",No,Daily,"January 16, 2026",Standup
"Design Meeting @January 16, 2026 ",No,Daily,"January 16, 2026",Design
"Engineering Meeting @January 16, 2026 ",No,Daily,"January 16, 2026",Engineering
"Post-mortem @January 17, 2026 ",No,Biweekly,"January 17, 2026",Post-mortem
"Sprint Planning @January 17, 2026 ",No,Biweekly,"January 17, 2026",Sprint Planning
"Weekly Sync @January 17, 2026 ",No,Weekly,"January 17, 2026",Weekly Sync
"Operations Meeting @January 19, 2026 ",No,Daily,"January 19, 2026",Operations
"Daily Standup @January 19, 2026 ",No,Daily,"January 19, 2026",Standup
"Design Meeting @January 19, 2026 ",No,Daily,"January 19, 2026",Design
"Engineering Meeting @January 19, 2026 ",No,Daily,"January 19, 2026",Engineering
"Operations Meeting @January 20, 2026 ",No,Daily,"January 20, 2026",Operations
"Daily Standup @January 20, 2026 ",No,Daily,"January 20, 2026",Standup
"Design Meeting @January 20, 2026 ",No,Daily,"January 20, 2026",Design
"Engineering Meeting @January 20, 2026 ",No,Daily,"January 20, 2026",Engineering
"Operations Meeting @January 21, 2026 ",No,Daily,"January 21, 2026",Operations
"Daily Standup @January 21, 2026 ",No,Daily,"January 21, 2026",Standup
"Design Meeting @January 21, 2026 ",No,Daily,"January 21, 2026",Design
"Engineering Meeting @January 21, 2026 ",No,Daily,"January 21, 2026",Engineering
"Operations Meeting @January 22, 2026 ",No,Daily,"January 22, 2026",Operations
"Daily Standup @January 22, 2026 ",No,Daily,"January 22, 2026",Standup
"Design Meeting @January 22, 2026 ",No,Daily,"January 22, 2026",Design
"Engineering Meeting @January 22, 2026 ",No,Daily,"January 22, 2026",Engineering
"Operations Meeting @January 23, 2026 ",No,Daily,"January 23, 2026",Operations
"Daily Standup @January 23, 2026 ",No,Daily,"January 23, 2026",Standup
"Design Meeting @January 23, 2026 ",No,Daily,"January 23, 2026",Design
"Engineering Meeting @January 23, 2026 ",No,Daily,"January 23, 2026",Engineering
"Weekly Sync @January 24, 2026 ",No,Weekly,"January 24, 2026",Weekly Sync
"Operations Meeting @January 26, 2026 ",No,Daily,"January 26, 2026",Operations
"Daily Standup @January 26, 2026 ",No,Daily,"January 26, 2026",Standup
"Design Meeting @January 26, 2026 ",No,Daily,"January 26, 2026",Design
"Engineering Meeting @January 26, 2026 ",No,Daily,"January 26, 2026",Engineering
"Operations Meeting @January 27, 2026 ",No,Daily,"January 27, 2026",Operations
"Daily Standup @January 27, 2026 ",No,Daily,"January 27, 2026",Standup
"Design Meeting @January 27, 2026 ",No,Daily,"January 27, 2026",Design
"Engineering Meeting @January 27, 2026 ",No,Daily,"January 27, 2026",Engineering
"Operations Meeting @January 28, 2026 ",No,Daily,"January 28, 2026",Operations
"Daily Standup @January 28, 2026 ",No,Daily,"January 28, 2026",Standup
"Design Meeting @January 28, 2026 ",No,Daily,"January 28, 2026",Design
"Engineering Meeting @January 28, 2026 ",No,Daily,"January 28, 2026",Engineering
"Operations Meeting @January 29, 2026 ",No,Daily,"January 29, 2026",Operations
"Daily Standup @January 29, 2026 ",No,Daily,"January 29, 2026",Standup
"Design Meeting @January 29, 2026 ",No,Daily,"January 29, 2026",Design
"Engineering Meeting @January 29, 2026 ",No,Daily,"January 29, 2026",Engineering
"Operations Meeting @January 30, 2026 ",No,Daily,"January 30, 2026",Operations
"Daily Standup @January 30, 2026 ",No,Daily,"January 30, 2026",Standup
"Design Meeting @January 30, 2026 ",No,Daily,"January 30, 2026",Design
"Engineering Meeting @January 30, 2026 ",No,Daily,"January 30, 2026",Engineering
"Post-mortem @January 31, 2026 ",No,Biweekly,"January 31, 2026",Post-mortem
"Sprint Planning @January 31, 2026 ",No,Biweekly,"January 31, 2026",Sprint Planning
"Weekly Sync @January 31, 2026 ",No,Weekly,"January 31, 2026",Weekly Sync
"Operations Meeting @February 2, 2026 ",No,Daily,"February 2, 2026",Operations
"Daily Standup @February 2, 2026 ",No,Daily,"February 2, 2026",Standup
"Design Meeting @February 2, 2026 ",No,Daily,"February 2, 2026",Design
"Engineering Meeting @February 2, 2026 ",No,Daily,"February 2, 2026",Engineering
"Operations Meeting @February 3, 2026 ",No,Daily,"February 3, 2026",Operations
"Daily Standup @February 3, 2026 ",No,Daily,"February 3, 2026",Standup
"Design Meeting @February 3, 2026 ",No,Daily,"February 3, 2026",Design
"Engineering Meeting @February 3, 2026 ",No,Daily,"February 3, 2026",Engineering
"Operations Meeting @February 4, 2026 ",No,Daily,"February 4, 2026",Operations
"Daily Standup @February 4, 2026 ",No,Daily,"February 4, 2026",Standup
"Design Meeting @February 4, 2026 ",No,Daily,"February 4, 2026",Design
"Engineering Meeting @February 4, 2026 ",No,Daily,"February 4, 2026",Engineering
"Operations Meeting @February 5, 2026 ",No,Daily,"February 5, 2026",Operations
"Daily Standup @February 5, 2026 ",No,Daily,"February 5, 2026",Standup
"Design Meeting @February 5, 2026 ",No,Daily,"February 5, 2026",Design
"Engineering Meeting @February 5, 2026 ",No,Daily,"February 5, 2026",Engineering
"Operations Meeting @February 6, 2026 ",No,Daily,"February 6, 2026",Operations
"Daily Standup @February 6, 2026 ",No,Daily,"February 6, 2026",Standup
"Design Meeting @February 6, 2026 ",No,Daily,"February 6, 2026",Design
"Engineering Meeting @February 6, 2026 ",No,Daily,"February 6, 2026",Engineering
"Weekly Sync @February 7, 2026 ",No,Weekly,"February 7, 2026",Weekly Sync
"Operations Meeting @February 9, 2026 ",No,Daily,"February 9, 2026",Operations
"Daily Standup @February 9, 2026 ",No,Daily,"February 9, 2026",Standup
"Design Meeting @February 9, 2026 ",No,Daily,"February 9, 2026",Design
"Engineering Meeting @February 9, 2026 ",No,Daily,"February 9, 2026",Engineering
"Operations Meeting @February 10, 2026 ",No,Daily,"February 10, 2026",Operations
"Daily Standup @February 10, 2026 ",No,Daily,"February 10, 2026",Standup
"Design Meeting @February 10, 2026 ",No,Daily,"February 10, 2026",Design
"Engineering Meeting @February 10, 2026 ",No,Daily,"February 10, 2026",Engineering
"Operations Meeting @February 11, 2026 ",No,Daily,"February 11, 2026",Operations
"Daily Standup @February 11, 2026 ",No,Daily,"February 11, 2026",Standup
"Design Meeting @February 11, 2026 ",No,Daily,"February 11, 2026",Design
"Engineering Meeting @February 11, 2026 ",No,Daily,"February 11, 2026",Engineering
"Operations Meeting @February 12, 2026 ",No,Daily,"February 12, 2026",Operations
"Daily Standup @February 12, 2026 ",No,Daily,"February 12, 2026",Standup
"Design Meeting @February 12, 2026 ",No,Daily,"February 12, 2026",Design
"Engineering Meeting @February 12, 2026 ",No,Daily,"February 12, 2026",Engineering
"Operations Meeting @February 13, 2026 ",No,Daily,"February 13, 2026",Operations
"Daily Standup @February 13, 2026 ",No,Daily,"February 13, 2026",Standup
"Design Meeting @February 13, 2026 ",No,Daily,"February 13, 2026",Design
"Engineering Meeting @February 13, 2026 ",No,Daily,"February 13, 2026",Engineering
"Post-mortem @February 14, 2026 ",No,Biweekly,"February 14, 2026",Post-mortem
"Sprint Planning @February 14, 2026 ",No,Biweekly,"February 14, 2026",Sprint Planning
"Weekly Sync @February 14, 2026 ",No,Weekly,"February 14, 2026",Weekly Sync
"Operations Meeting @February 16, 2026 ",No,Daily,"February 16, 2026",Operations
"Daily Standup @February 16, 2026 ",No,Daily,"February 16, 2026",Standup
"Design Meeting @February 16, 2026 ",No,Daily,"February 16, 2026",Design
"Engineering Meeting @February 16, 2026 ",No,Daily,"February 16, 2026",Engineering
"Operations Meeting @February 17, 2026 ",No,Daily,"February 17, 2026",Operations
"Daily Standup @February 17, 2026 ",No,Daily,"February 17, 2026",Standup
"Design Meeting @February 17, 2026 ",No,Daily,"February 17, 2026",Design
"Engineering Meeting @February 17, 2026 ",No,Daily,"February 17, 2026",Engineering
"Operations Meeting @February 18, 2026 ",No,Daily,"February 18, 2026",Operations
"Daily Standup @February 18, 2026 ",No,Daily,"February 18, 2026",Standup
"Design Meeting @February 18, 2026 ",No,Daily,"February 18, 2026",Design
"Engineering Meeting @February 18, 2026 ",No,Daily,"February 18, 2026",Engineering
"Operations Meeting @February 19, 2026 ",No,Daily,"February 19, 2026",Operations
"Daily Standup @February 19, 2026 ",No,Daily,"February 19, 2026",Standup
"Design Meeting @February 19, 2026 ",No,Daily,"February 19, 2026",Design
"Engineering Meeting @February 19, 2026 ",No,Daily,"February 19, 2026",Engineering
"Operations Meeting @February 20, 2026 ",No,Daily,"February 20, 2026",Operations
"Daily Standup @February 20, 2026 ",No,Daily,"February 20, 2026",Standup
"Design Meeting @February 20, 2026 ",No,Daily,"February 20, 2026",Design
"Engineering Meeting @February 20, 2026 ",No,Daily,"February 20, 2026",Engineering
"Weekly Sync @February 21, 2026 ",No,Weekly,"February 21, 2026",Weekly Sync
"Operations Meeting @February 23, 2026 ",No,Daily,"February 23, 2026",Operations
"Daily Standup @February 23, 2026 ",No,Daily,"February 23, 2026",Standup
"Design Meeting @February 23, 2026 ",No,Daily,"February 23, 2026",Design
"Engineering Meeting @February 23, 2026 ",No,Daily,"February 23, 2026",Engineering
"Operations Meeting @February 24, 2026 ",No,Daily,"February 24, 2026",Operations
"Daily Standup @February 24, 2026 ",No,Daily,"February 24, 2026",Standup
"Design Meeting @February 24, 2026 ",No,Daily,"February 24, 2026",Design
"Engineering Meeting @February 24, 2026 ",No,Daily,"February 24, 2026",Engineering
"Operations Meeting @February 25, 2026 ",No,Daily,"February 25, 2026",Operations
"Daily Standup @February 25, 2026 ",No,Daily,"February 25, 2026",Standup
"Design Meeting @February 25, 2026 ",No,Daily,"February 25, 2026",Design
"Engineering Meeting @February 25, 2026 ",No,Daily,"February 25, 2026",Engineering
"Operations Meeting @February 26, 2026 ",No,Daily,"February 26, 2026",Operations
"Daily Standup @February 26, 2026 ",No,Daily,"February 26, 2026",Standup
"Design Meeting @February 26, 2026 ",No,Daily,"February 26, 2026",Design
"Engineering Meeting @February 26, 2026 ",No,Daily,"February 26, 2026",Engineering
"Operations Meeting @February 27, 2026 ",No,Daily,"February 27, 2026",Operations
"Daily Standup @February 27, 2026 ",No,Daily,"February 27, 2026",Standup
"Design Meeting @February 27, 2026 ",No,Daily,"February 27, 2026",Design
"Engineering Meeting @February 27, 2026 ",No,Daily,"February 27, 2026",Engineering
"Post-mortem @February 28, 2026 ",No,Biweekly,"February 28, 2026",Post-mortem
"Sprint Planning @February 28, 2026 ",No,Biweekly,"February 28, 2026",Sprint Planning
"Weekly Sync @February 28, 2026 ",No,Weekly,"February 28, 2026",Weekly Sync
"Operations Meeting @March 2, 2026 ",No,Daily,"March 2, 2026",Operations
"Daily Standup @March 2, 2026 ",No,Daily,"March 2, 2026",Standup
"Design Meeting @March 2, 2026 ",No,Daily,"March 2, 2026",Design
"Engineering Meeting @March 2, 2026 ",No,Daily,"March 2, 2026",Engineering
"Operations Meeting @March 3, 2026 ",No,Daily,"March 3, 2026",Operations
"Daily Standup @March 3, 2026 ",No,Daily,"March 3, 2026",Standup
"Design Meeting @March 3, 2026 ",No,Daily,"March 3, 2026",Design
"Engineering Meeting @March 3, 2026 ",No,Daily,"March 3, 2026",Engineering
"Operations Meeting @March 4, 2026 ",No,Daily,"March 4, 2026",Operations
"Daily Standup @March 4, 2026 ",No,Daily,"March 4, 2026",Standup
"Design Meeting @March 4, 2026 ",No,Daily,"March 4, 2026",Design
"Engineering Meeting @March 4, 2026 ",No,Daily,"March 4, 2026",Engineering
"Operations Meeting @March 5, 2026 ",No,Daily,"March 5, 2026",Operations
"Daily Standup @March 5, 2026 ",No,Daily,"March 5, 2026",Standup
"Design Meeting @March 5, 2026 ",No,Daily,"March 5, 2026",Design
"Engineering Meeting @March 5, 2026 ",No,Daily,"March 5, 2026",Engineering
"Operations Meeting @March 6, 2026 ",No,Daily,"March 6, 2026",Operations
"Daily Standup @March 6, 2026 ",No,Daily,"March 6, 2026",Standup
"Design Meeting @March 6, 2026 ",No,Daily,"March 6, 2026",Design
"Engineering Meeting @March 6, 2026 ",No,Daily,"March 6, 2026",Engineering
"Weekly Sync @March 7, 2026 ",No,Weekly,"March 7, 2026",Weekly Sync
"Operations Meeting @March 9, 2026 ",No,Daily,"March 9, 2026",Operations
"Daily Standup @March 9, 2026 ",No,Daily,"March 9, 2026",Standup
"Design Meeting @March 9, 2026 ",No,Daily,"March 9, 2026",Design
"Engineering Meeting @March 9, 2026 ",No,Daily,"March 9, 2026",Engineering
"Operations Meeting @March 10, 2026 ",No,Daily,"March 10, 2026",Operations
"Daily Standup @March 10, 2026 ",No,Daily,"March 10, 2026",Standup
"Design Meeting @March 10, 2026 ",No,Daily,"March 10, 2026",Design
"Engineering Meeting @March 10, 2026 ",No,Daily,"March 10, 2026",Engineering
"Operations Meeting @March 11, 2026 ",No,Daily,"March 11, 2026",Operations
"Daily Standup @March 11, 2026 ",No,Daily,"March 11, 2026",Standup
"Design Meeting @March 11, 2026 ",No,Daily,"March 11, 2026",Design
"Engineering Meeting @March 11, 2026 ",No,Daily,"March 11, 2026",Engineering
"Operations Meeting @March 12, 2026 ",No,Daily,"March 12, 2026",Operations
"Daily Standup @March 12, 2026 ",No,Daily,"March 12, 2026",Standup
"Design Meeting @March 12, 2026 ",No,Daily,"March 12, 2026",Design
"Engineering Meeting @March 12, 2026 ",No,Daily,"March 12, 2026",Engineering
"Operations Meeting @March 13, 2026 ",No,Daily,"March 13, 2026",Operations
"Daily Standup @March 13, 2026 ",No,Daily,"March 13, 2026",Standup
"Design Meeting @March 13, 2026 ",No,Daily,"March 13, 2026",Design
"Engineering Meeting @March 13, 2026 ",No,Daily,"March 13, 2026",Engineering
"Post-mortem @March 14, 2026 ",No,Biweekly,"March 14, 2026",Post-mortem
"Sprint Planning @March 14, 2026 ",No,Biweekly,"March 14, 2026",Sprint Planning
"Weekly Sync @March 14, 2026 ",No,Weekly,"March 14, 2026",Weekly Sync
"Operations Meeting @March 16, 2026 ",No,Daily,"March 16, 2026",Operations
"Daily Standup @March 16, 2026 ",No,Daily,"March 16, 2026",Standup
"Design Meeting @March 16, 2026 ",No,Daily,"March 16, 2026",Design
"Engineering Meeting @March 16, 2026 ",No,Daily,"March 16, 2026",Engineering
"Operations Meeting @March 17, 2026 ",No,Daily,"March 17, 2026",Operations
"Daily Standup @March 17, 2026 ",No,Daily,"March 17, 2026",Standup
"Design Meeting @March 17, 2026 ",No,Daily,"March 17, 2026",Design
"Engineering Meeting @March 17, 2026 ",No,Daily,"March 17, 2026",Engineering
"Operations Meeting @March 18, 2026 ",No,Daily,"March 18, 2026",Operations
"Daily Standup @March 18, 2026 ",No,Daily,"March 18, 2026",Standup
"Design Meeting @March 18, 2026 ",No,Daily,"March 18, 2026",Design
"Engineering Meeting @March 18, 2026 ",No,Daily,"March 18, 2026",Engineering
"Operations Meeting @March 19, 2026 ",No,Daily,"March 19, 2026",Operations
"Daily Standup @March 19, 2026 ",No,Daily,"March 19, 2026",Standup
"Design Meeting @March 19, 2026 ",No,Daily,"March 19, 2026",Design
"Engineering Meeting @March 19, 2026 ",No,Daily,"March 19, 2026",Engineering
"Operations Meeting @March 20, 2026 ",No,Daily,"March 20, 2026",Operations
"Daily Standup @March 20, 2026 ",No,Daily,"March 20, 2026",Standup
"Design Meeting @March 20, 2026 ",No,Daily,"March 20, 2026",Design
"Engineering Meeting @March 20, 2026 ",No,Daily,"March 20, 2026",Engineering
"Weekly Sync @March 21, 2026 ",No,Weekly,"March 21, 2026",Weekly Sync
"Operations Meeting @March 23, 2026 ",No,Daily,"March 23, 2026",Operations
"Daily Standup @March 23, 2026 ",No,Daily,"March 23, 2026",Standup
"Design Meeting @March 23, 2026 ",No,Daily,"March 23, 2026",Design
"Engineering Meeting @March 23, 2026 ",No,Daily,"March 23, 2026",Engineering
"Operations Meeting @March 24, 2026 ",No,Daily,"March 24, 2026",Operations
"Daily Standup @March 24, 2026 ",No,Daily,"March 24, 2026",Standup
"Design Meeting @March 24, 2026 ",No,Daily,"March 24, 2026",Design
"Engineering Meeting @March 24, 2026 ",No,Daily,"March 24, 2026",Engineering
"Operations Meeting @March 25, 2026 ",No,Daily,"March 25, 2026",Operations
"Daily Standup @March 25, 2026 ",No,Daily,"March 25, 2026",Standup
"Design Meeting @March 25, 2026 ",No,Daily,"March 25, 2026",Design
"Engineering Meeting @March 25, 2026 ",No,Daily,"March 25, 2026",Engineering
"Operations Meeting @March 26, 2026 ",No,Daily,"March 26, 2026",Operations
"Daily Standup @March 26, 2026 ",No,Daily,"March 26, 2026",Standup
"Design Meeting @March 26, 2026 ",No,Daily,"March 26, 2026",Design
"Engineering Meeting @March 26, 2026 ",No,Daily,"March 26, 2026",Engineering
"Operations Meeting @March 27, 2026 ",No,Daily,"March 27, 2026",Operations
"Daily Standup @March 27, 2026 ",No,Daily,"March 27, 2026",Standup
"Design Meeting @March 27, 2026 ",No,Daily,"March 27, 2026",Design
"Engineering Meeting @March 27, 2026 ",No,Daily,"March 27, 2026",Engineering
"Post-mortem @March 28, 2026 ",No,Biweekly,"March 28, 2026",Post-mortem
"Sprint Planning @March 28, 2026 ",No,Biweekly,"March 28, 2026",Sprint Planning
"Weekly Sync @March 28, 2026 ",No,Weekly,"March 28, 2026",Weekly Sync
"Operations Meeting @March 30, 2026 ",No,Daily,"March 30, 2026",Operations
"Daily Standup @March 30, 2026 ",No,Daily,"March 30, 2026",Standup
"Design Meeting @March 30, 2026 ",No,Daily,"March 30, 2026",Design
"Engineering Meeting @March 30, 2026 ",No,Daily,"March 30, 2026",Engineering
"Operations Meeting @March 31, 2026 ",No,Daily,"March 31, 2026",Operations
"Daily Standup @March 31, 2026 ",No,Daily,"March 31, 2026",Standup
"Design Meeting @March 31, 2026 ",No,Daily,"March 31, 2026",Design
"Engineering Meeting @March 31, 2026 ",No,Daily,"March 31, 2026",Engineering
"Operations Meeting @April 1, 2026 ",No,Daily,"April 1, 2026",Operations
"Daily Standup @April 1, 2026 ",No,Daily,"April 1, 2026",Standup
"Design Meeting @April 1, 2026 ",No,Daily,"April 1, 2026",Design
"Engineering Meeting @April 1, 2026 ",No,Daily,"April 1, 2026",Engineering
"Operations Meeting @April 2, 2026 ",No,Daily,"April 2, 2026",Operations
"Daily Standup @April 2, 2026 ",No,Daily,"April 2, 2026",Standup
"Design Meeting @April 2, 2026 ",No,Daily,"April 2, 2026",Design
"Engineering Meeting @April 2, 2026 ",No,Daily,"April 2, 2026",Engineering
"Operations Meeting @April 3, 2026 ",No,Daily,"April 3, 2026",Operations
"Daily Standup @April 3, 2026 ",No,Daily,"April 3, 2026",Standup
"Design Meeting @April 3, 2026 ",No,Daily,"April 3, 2026",Design
"Engineering Meeting @April 3, 2026 ",No,Daily,"April 3, 2026",Engineering
"Weekly Sync @April 4, 2026 ",No,Weekly,"April 4, 2026",Weekly Sync
"Operations Meeting @April 6, 2026 ",No,Daily,"April 6, 2026",Operations
"Daily Standup @April 6, 2026 ",No,Daily,"April 6, 2026",Standup
"Design Meeting @April 6, 2026 ",No,Daily,"April 6, 2026",Design
"Engineering Meeting @April 6, 2026 ",No,Daily,"April 6, 2026",Engineering
"Operations Meeting @April 7, 2026 ",No,Daily,"April 7, 2026",Operations
"Daily Standup @April 7, 2026 ",No,Daily,"April 7, 2026",Standup
"Design Meeting @April 7, 2026 ",No,Daily,"April 7, 2026",Design
"Engineering Meeting @April 7, 2026 ",No,Daily,"April 7, 2026",Engineering
"Operations Meeting @April 8, 2026 ",No,Daily,"April 8, 2026",Operations
"Daily Standup @April 8, 2026 ",No,Daily,"April 8, 2026",Standup
"Design Meeting @April 8, 2026 ",No,Daily,"April 8, 2026",Design
"Engineering Meeting @April 8, 2026 ",No,Daily,"April 8, 2026",Engineering
"Operations Meeting @April 9, 2026 ",No,Daily,"April 9, 2026",Operations
"Daily Standup @April 9, 2026 ",No,Daily,"April 9, 2026",Standup
"Design Meeting @April 9, 2026 ",No,Daily,"April 9, 2026",Design
"Engineering Meeting @April 9, 2026 ",No,Daily,"April 9, 2026",Engineering
"Operations Meeting @April 10, 2026 ",No,Daily,"April 10, 2026",Operations
"Daily Standup @April 10, 2026 ",No,Daily,"April 10, 2026",Standup
"Design Meeting @April 10, 2026 ",No,Daily,"April 10, 2026",Design
"Engineering Meeting @April 10, 2026 ",No,Daily,"April 10, 2026",Engineering
"Post-mortem @April 11, 2026 ",No,Biweekly,"April 11, 2026",Post-mortem
"Sprint Planning @April 11, 2026 ",No,Biweekly,"April 11, 2026",Sprint Planning
"Weekly Sync @April 11, 2026 ",No,Weekly,"April 11, 2026",Weekly Sync
"Operations Meeting @April 13, 2026 ",No,Daily,"April 13, 2026",Operations
"Daily Standup @April 13, 2026 ",No,Daily,"April 13, 2026",Standup
"Design Meeting @April 13, 2026 ",No,Daily,"April 13, 2026",Design
"Engineering Meeting @April 13, 2026 ",No,Daily,"April 13, 2026",Engineering
"Operations Meeting @April 14, 2026 ",No,Daily,"April 14, 2026",Operations
"Daily Standup @April 14, 2026 ",No,Daily,"April 14, 2026",Standup
"Design Meeting @April 14, 2026 ",No,Daily,"April 14, 2026",Design
"Engineering Meeting @April 14, 2026 ",No,Daily,"April 14, 2026",Engineering
"Operations Meeting @April 15, 2026 ",No,Daily,"April 15, 2026",Operations
"Daily Standup @April 15, 2026 ",No,Daily,"April 15, 2026",Standup
"Design Meeting @April 15, 2026 ",No,Daily,"April 15, 2026",Design
"Engineering Meeting @April 15, 2026 ",No,Daily,"April 15, 2026",Engineering
"Operations Meeting @April 16, 2026 ",No,Daily,"April 16, 2026",Operations
"Daily Standup @April 16, 2026 ",No,Daily,"April 16, 2026",Standup
"Design Meeting @April 16, 2026 ",No,Daily,"April 16, 2026",Design
"Engineering Meeting @April 16, 2026 ",No,Daily,"April 16, 2026",Engineering
"Operations Meeting @April 17, 2026 ",No,Daily,"April 17, 2026",Operations
"Daily Standup @April 17, 2026 ",No,Daily,"April 17, 2026",Standup
"Design Meeting @April 17, 2026 ",No,Daily,"April 17, 2026",Design
"Engineering Meeting @April 17, 2026 ",No,Daily,"April 17, 2026",Engineering
"Weekly Sync @April 18, 2026 ",No,Weekly,"April 18, 2026",Weekly Sync
"Operations Meeting @April 20, 2026 ",No,Daily,"April 20, 2026",Operations
"Daily Standup @April 20, 2026 ",No,Daily,"April 20, 2026",Standup
"Design Meeting @April 20, 2026 ",No,Daily,"April 20, 2026",Design
"Engineering Meeting @April 20, 2026 ",No,Daily,"April 20, 2026",Engineering
"Operations Meeting @April 21, 2026 ",No,Daily,"April 21, 2026",Operations
"Daily Standup @April 21, 2026 ",No,Daily,"April 21, 2026",Standup
"Design Meeting @April 21, 2026 ",No,Daily,"April 21, 2026",Design
"Engineering Meeting @April 21, 2026 ",No,Daily,"April 21, 2026",Engineering
"Operations Meeting @April 22, 2026 ",No,Daily,"April 22, 2026",Operations
"Daily Standup @April 22, 2026 ",No,Daily,"April 22, 2026",Standup
"Design Meeting @April 22, 2026 ",No,Daily,"April 22, 2026",Design
"Engineering Meeting @April 22, 2026 ",No,Daily,"April 22, 2026",Engineering
"Operations Meeting @April 23, 2026 ",No,Daily,"April 23, 2026",Operations
"Daily Standup @April 23, 2026 ",No,Daily,"April 23, 2026",Standup
"Design Meeting @April 23, 2026 ",No,Daily,"April 23, 2026",Design
"Engineering Meeting @April 23, 2026 ",No,Daily,"April 23, 2026",Engineering
"Operations Meeting @April 24, 2026 ",No,Daily,"April 24, 2026",Operations
"Daily Standup @April 24, 2026 ",No,Daily,"April 24, 2026",Standup
"Design Meeting @April 24, 2026 ",No,Daily,"April 24, 2026",Design
"Engineering Meeting @April 24, 2026 ",No,Daily,"April 24, 2026",Engineering
"Post-mortem @April 25, 2026 ",No,Biweekly,"April 25, 2026",Post-mortem
"Sprint Planning @April 25, 2026 ",No,Biweekly,"April 25, 2026",Sprint Planning
"Weekly Sync @April 25, 2026 ",No,Weekly,"April 25, 2026",Weekly Sync
"Operations Meeting @April 27, 2026 ",No,Daily,"April 27, 2026",Operations
"Daily Standup @April 27, 2026 ",No,Daily,"April 27, 2026",Standup
"Design Meeting @April 27, 2026 ",No,Daily,"April 27, 2026",Design
"Engineering Meeting @April 27, 2026 ",No,Daily,"April 27, 2026",Engineering
"Operations Meeting @April 28, 2026 ",No,Daily,"April 28, 2026",Operations
"Daily Standup @April 28, 2026 ",No,Daily,"April 28, 2026",Standup
"Design Meeting @April 28, 2026 ",No,Daily,"April 28, 2026",Design
"Engineering Meeting @April 28, 2026 ",No,Daily,"April 28, 2026",Engineering
"Operations Meeting @April 29, 2026 ",No,Daily,"April 29, 2026",Operations
"Daily Standup @April 29, 2026 ",No,Daily,"April 29, 2026",Standup
"Design Meeting @April 29, 2026 ",No,Daily,"April 29, 2026",Design
"Engineering Meeting @April 29, 2026 ",No,Daily,"April 29, 2026",Engineering
"Operations Meeting @April 30, 2026 ",No,Daily,"April 30, 2026",Operations
"Daily Standup @April 30, 2026 ",No,Daily,"April 30, 2026",Standup
"Design Meeting @April 30, 2026 ",No,Daily,"April 30, 2026",Design
"Engineering Meeting @April 30, 2026 ",No,Daily,"April 30, 2026",Engineering
"Operations Meeting @May 1, 2026 ",No,Daily,"May 1, 2026",Operations
"Daily Standup @May 1, 2026 ",No,Daily,"May 1, 2026",Standup
"Design Meeting @May 1, 2026 ",No,Daily,"May 1, 2026",Design
"Engineering Meeting @May 1, 2026 ",No,Daily,"May 1, 2026",Engineering
"Weekly Sync @May 2, 2026 ",No,Weekly,"May 2, 2026",Weekly Sync
"Operations Meeting @May 4, 2026 ",No,Daily,"May 4, 2026",Operations
"Daily Standup @May 4, 2026 ",No,Daily,"May 4, 2026",Standup
"Design Meeting @May 4, 2026 ",No,Daily,"May 4, 2026",Design
"Engineering Meeting @May 4, 2026 ",No,Daily,"May 4, 2026",Engineering
"Operations Meeting @May 5, 2026 ",No,Daily,"May 5, 2026",Operations
"Daily Standup @May 5, 2026 ",No,Daily,"May 5, 2026",Standup
"Design Meeting @May 5, 2026 ",No,Daily,"May 5, 2026",Design
"Engineering Meeting @May 5, 2026 ",No,Daily,"May 5, 2026",Engineering
"Operations Meeting @May 6, 2026 ",No,Daily,"May 6, 2026",Operations
"Daily Standup @May 6, 2026 ",No,Daily,"May 6, 2026",Standup
"Design Meeting @May 6, 2026 ",No,Daily,"May 6, 2026",Design
"Engineering Meeting @May 6, 2026 ",No,Daily,"May 6, 2026",Engineering
"Operations Meeting @May 7, 2026 ",No,Daily,"May 7, 2026",Operations
"Daily Standup @May 7, 2026 ",No,Daily,"May 7, 2026",Standup
"Design Meeting @May 7, 2026 ",No,Daily,"May 7, 2026",Design
"Engineering Meeting @May 7, 2026 ",No,Daily,"May 7, 2026",Engineering
"Operations Meeting @May 8, 2026 ",No,Daily,"May 8, 2026",Operations
"Daily Standup @May 8, 2026 ",No,Daily,"May 8, 2026",Standup
"Design Meeting @May 8, 2026 ",No,Daily,"May 8, 2026",Design
"Engineering Meeting @May 8, 2026 ",No,Daily,"May 8, 2026",Engineering
"Post-mortem @May 9, 2026 ",No,Biweekly,"May 9, 2026",Post-mortem
"Sprint Planning @May 9, 2026 ",No,Biweekly,"May 9, 2026",Sprint Planning
"Weekly Sync @May 9, 2026 ",No,Weekly,"May 9, 2026",Weekly Sync
"Operations Meeting @May 11, 2026 ",No,Daily,"May 11, 2026",Operations
"Daily Standup @May 11, 2026 ",No,Daily,"May 11, 2026",Standup
"Design Meeting @May 11, 2026 ",No,Daily,"May 11, 2026",Design
"Engineering Meeting @May 11, 2026 ",No,Daily,"May 11, 2026",Engineering
"Operations Meeting @May 12, 2026 ",No,Daily,"May 12, 2026",Operations
"Daily Standup @May 12, 2026 ",No,Daily,"May 12, 2026",Standup
"Design Meeting @May 12, 2026 ",No,Daily,"May 12, 2026",Design
"Engineering Meeting @May 12, 2026 ",No,Daily,"May 12, 2026",Engineering
"Operations Meeting @May 13, 2026 ",No,Daily,"May 13, 2026",Operations
"Daily Standup @May 13, 2026 ",No,Daily,"May 13, 2026",Standup
"Design Meeting @May 13, 2026 ",No,Daily,"May 13, 2026",Design
"Engineering Meeting @May 13, 2026 ",No,Daily,"May 13, 2026",Engineering
"Operations Meeting @May 14, 2026 ",No,Daily,"May 14, 2026",Operations
"Daily Standup @May 14, 2026 ",No,Daily,"May 14, 2026",Standup
"Design Meeting @May 14, 2026 ",No,Daily,"May 14, 2026",Design
"Engineering Meeting @May 14, 2026 ",No,Daily,"May 14, 2026",Engineering
"Operations Meeting @May 15, 2026 ",No,Daily,"May 15, 2026",Operations
"Daily Standup @May 15, 2026 ",No,Daily,"May 15, 2026",Standup
"Design Meeting @May 15, 2026 ",No,Daily,"May 15, 2026",Design
"Engineering Meeting @May 15, 2026 ",No,Daily,"May 15, 2026",Engineering
"Weekly Sync @May 16, 2026 ",No,Weekly,"May 16, 2026",Weekly Sync
"Operations Meeting @May 18, 2026 ",No,Daily,"May 18, 2026",Operations
"Daily Standup @May 18, 2026 ",No,Daily,"May 18, 2026",Standup
"Design Meeting @May 18, 2026 ",No,Daily,"May 18, 2026",Design
"Engineering Meeting @May 18, 2026 ",No,Daily,"May 18, 2026",Engineering
"Operations Meeting @May 19, 2026 ",No,Daily,"May 19, 2026",Operations
"Daily Standup @May 19, 2026 ",No,Daily,"May 19, 2026",Standup
"Design Meeting @May 19, 2026 ",No,Daily,"May 19, 2026",Design
"Engineering Meeting @May 19, 2026 ",No,Daily,"May 19, 2026",Engineering
"Operations Meeting @May 20, 2026 ",No,Daily,"May 20, 2026",Operations
"Daily Standup @May 20, 2026 ",No,Daily,"May 20, 2026",Standup
"Design Meeting @May 20, 2026 ",No,Daily,"May 20, 2026",Design
"Engineering Meeting @May 20, 2026 ",No,Daily,"May 20, 2026",Engineering
"Operations Meeting @May 21, 2026 ",No,Daily,"May 21, 2026",Operations
"Daily Standup @May 21, 2026 ",No,Daily,"May 21, 2026",Standup
"Design Meeting @May 21, 2026 ",No,Daily,"May 21, 2026",Design
"Engineering Meeting @May 21, 2026 ",No,Daily,"May 21, 2026",Engineering
"Operations Meeting @May 22, 2026 ",No,Daily,"May 22, 2026",Operations
"Daily Standup @May 22, 2026 ",No,Daily,"May 22, 2026",Standup
"Design Meeting @May 22, 2026 ",No,Daily,"May 22, 2026",Design
"Engineering Meeting @May 22, 2026 ",No,Daily,"May 22, 2026",Engineering
"Post-mortem @May 23, 2026 ",No,Biweekly,"May 23, 2026",Post-mortem
"Sprint Planning @May 23, 2026 ",No,Biweekly,"May 23, 2026",Sprint Planning
"Weekly Sync @May 23, 2026 ",No,Weekly,"May 23, 2026",Weekly Sync
"Operations Meeting @May 25, 2026 ",No,Daily,"May 25, 2026",Operations
"Daily Standup @May 25, 2026 ",No,Daily,"May 25, 2026",Standup
"Design Meeting @May 25, 2026 ",No,Daily,"May 25, 2026",Design
"Engineering Meeting @May 25, 2026 ",No,Daily,"May 25, 2026",Engineering
"Operations Meeting @May 26, 2026 ",No,Daily,"May 26, 2026",Operations
"Daily Standup @May 26, 2026 ",No,Daily,"May 26, 2026",Standup
"Design Meeting @May 26, 2026 ",No,Daily,"May 26, 2026",Design
"Engineering Meeting @May 26, 2026 ",No,Daily,"May 26, 2026",Engineering
"Operations Meeting @May 27, 2026 ",No,Daily,"May 27, 2026",Operations
"Daily Standup @May 27, 2026 ",No,Daily,"May 27, 2026",Standup
"Design Meeting @May 27, 2026 ",No,Daily,"May 27, 2026",Design
"Engineering Meeting @May 27, 2026 ",No,Daily,"May 27, 2026",Engineering
"Operations Meeting @May 28, 2026 ",No,Daily,"May 28, 2026",Operations
"Daily Standup @May 28, 2026 ",No,Daily,"May 28, 2026",Standup
"Design Meeting @May 28, 2026 ",No,Daily,"May 28, 2026",Design
"Engineering Meeting @May 28, 2026 ",No,Daily,"May 28, 2026",Engineering
"Operations Meeting @May 29, 2026 ",No,Daily,"May 29, 2026",Operations
"Daily Standup @May 29, 2026 ",No,Daily,"May 29, 2026",Standup
"Design Meeting @May 29, 2026 ",No,Daily,"May 29, 2026",Design
"Engineering Meeting @May 29, 2026 ",No,Daily,"May 29, 2026",Engineering
"Weekly Sync @May 30, 2026 ",No,Weekly,"May 30, 2026",Weekly Sync
"Operations Meeting @June 1, 2026 ",No,Daily,"June 1, 2026",Operations
"Daily Standup @June 1, 2026 ",No,Daily,"June 1, 2026",Standup
"Design Meeting @June 1, 2026 ",No,Daily,"June 1, 2026",Design
"Engineering Meeting @June 1, 2026 ",No,Daily,"June 1, 2026",Engineering
"Operations Meeting @June 2, 2026 ",No,Daily,"June 2, 2026",Operations
"Daily Standup @June 2, 2026 ",No,Daily,"June 2, 2026",Standup
"Design Meeting @June 2, 2026 ",No,Daily,"June 2, 2026",Design
"Engineering Meeting @June 2, 2026 ",No,Daily,"June 2, 2026",Engineering
"Operations Meeting @June 3, 2026 ",No,Daily,"June 3, 2026",Operations
"Daily Standup @June 3, 2026 ",No,Daily,"June 3, 2026",Standup
"Design Meeting @June 3, 2026 ",No,Daily,"June 3, 2026",Design
"Engineering Meeting @June 3, 2026 ",No,Daily,"June 3, 2026",Engineering
"Operations Meeting @June 4, 2026 ",No,Daily,"June 4, 2026",Operations
"Daily Standup @June 4, 2026 ",No,Daily,"June 4, 2026",Standup
"Design Meeting @June 4, 2026 ",No,Daily,"June 4, 2026",Design
"Engineering Meeting @June 4, 2026 ",No,Daily,"June 4, 2026",Engineering
"Operations Meeting @June 5, 2026 ",No,Daily,"June 5, 2026",Operations
"Daily Standup @June 5, 2026 ",No,Daily,"June 5, 2026",Standup
"Design Meeting @June 5, 2026 ",No,Daily,"June 5, 2026",Design
"Engineering Meeting @June 5, 2026 ",No,Daily,"June 5, 2026",Engineering
"Post-mortem @June 6, 2026 ",No,Biweekly,"June 6, 2026",Post-mortem
"Sprint Planning @June 6, 2026 ",No,Biweekly,"June 6, 2026",Sprint Planning
"Weekly Sync @June 6, 2026 ",No,Weekly,"June 6, 2026",Weekly Sync
"Operations Meeting @June 8, 2026 ",No,Daily,"June 8, 2026",Operations
"Daily Standup @June 8, 2026 ",No,Daily,"June 8, 2026",Standup
"Design Meeting @June 8, 2026 ",No,Daily,"June 8, 2026",Design
"Engineering Meeting @June 8, 2026 ",No,Daily,"June 8, 2026",Engineering
"Daily Standup @June 9, 2026 ",No,Daily,"June 9, 2026",Standup
"Operations Meeting @June 9, 2026 ",No,Daily,"June 9, 2026",Operations
"Design Meeting @June 9, 2026 ",No,Daily,"June 9, 2026",Design
"Engineering Meeting @June 9, 2026 ",No,Daily,"June 9, 2026",Engineering
"Operations Meeting @June 10, 2026 ",No,Daily,"June 10, 2026",Operations
"Daily Standup @June 10, 2026 ",No,Daily,"June 10, 2026",Standup
"Design Meeting @June 10, 2026 ",No,Daily,"June 10, 2026",Design
"Engineering Meeting @June 10, 2026 ",No,Daily,"June 10, 2026",Engineering
"Operations Meeting @June 11, 2026 ",No,Daily,"June 11, 2026",Operations
"Daily Standup @June 11, 2026 ",No,Daily,"June 11, 2026",Standup
"Design Meeting @June 11, 2026 ",No,Daily,"June 11, 2026",Design
"Engineering Meeting @June 11, 2026 ",No,Daily,"June 11, 2026",Engineering
"Operations Meeting @June 12, 2026 ",No,Daily,"June 12, 2026",Operations
"Daily Standup @June 12, 2026 ",No,Daily,"June 12, 2026",Standup
"Design Meeting @June 12, 2026 ",No,Daily,"June 12, 2026",Design
"Engineering Meeting @June 12, 2026 ",No,Daily,"June 12, 2026",Engineering
"Weekly Sync @June 13, 2026 ",No,Weekly,"June 13, 2026",Weekly Sync
"Operations Meeting @June 15, 2026 ",No,Daily,"June 15, 2026",Operations
"Daily Standup @June 15, 2026 ",No,Daily,"June 15, 2026",Standup
"Design Meeting @June 15, 2026 ",No,Daily,"June 15, 2026",Design
"Engineering Meeting @June 15, 2026 ",No,Daily,"June 15, 2026",Engineering
"Operations Meeting @June 16, 2026 ",No,Daily,"June 16, 2026",Operations
"Daily Standup @June 16, 2026 ",No,Daily,"June 16, 2026",Standup
"Design Meeting @June 16, 2026 ",No,Daily,"June 16, 2026",Design
"Engineering Meeting @June 16, 2026 ",No,Daily,"June 16, 2026",Engineering
"Operations Meeting @June 17, 2026 ",No,Daily,"June 17, 2026",Operations
"Daily Standup @June 17, 2026 ",No,Daily,"June 17, 2026",Standup
"Design Meeting @June 17, 2026 ",No,Daily,"June 17, 2026",Design
"Engineering Meeting @June 17, 2026 ",No,Daily,"June 17, 2026",Engineering
"Operations Meeting @June 18, 2026 ",No,Daily,"June 18, 2026",Operations
"Daily Standup @June 18, 2026 ",No,Daily,"June 18, 2026",Standup
"Design Meeting @June 18, 2026 ",No,Daily,"June 18, 2026",Design
"Engineering Meeting @June 18, 2026 ",No,Daily,"June 18, 2026",Engineering
"Operations Meeting @June 19, 2026 ",No,Daily,"June 19, 2026",Operations
"Daily Standup @June 19, 2026 ",No,Daily,"June 19, 2026",Standup
"Design Meeting @June 19, 2026 ",No,Daily,"June 19, 2026",Design
"Engineering Meeting @June 19, 2026 ",No,Daily,"June 19, 2026",Engineering
"Post-mortem @June 20, 2026 ",No,Biweekly,"June 20, 2026",Post-mortem
"Sprint Planning @June 20, 2026 ",No,Biweekly,"June 20, 2026",Sprint Planning
"Weekly Sync @June 20, 2026 ",No,Weekly,"June 20, 2026",Weekly Sync
"Operations Meeting @June 22, 2026 ",No,Daily,"June 22, 2026",Operations
"Daily Standup @June 22, 2026 ",No,Daily,"June 22, 2026",Standup
"Design Meeting @June 22, 2026 ",No,Daily,"June 22, 2026",Design
"Engineering Meeting @June 22, 2026 ",No,Daily,"June 22, 2026",Engineering
"Operations Meeting @June 23, 2026 ",No,Daily,"June 23, 2026",Operations
"Daily Standup @June 23, 2026 ",No,Daily,"June 23, 2026",Standup
"Design Meeting @June 23, 2026 ",No,Daily,"June 23, 2026",Design
"Engineering Meeting @June 23, 2026 ",No,Daily,"June 23, 2026",Engineering
"Operations Meeting @June 24, 2026 ",No,Daily,"June 24, 2026",Operations
"Daily Standup @June 24, 2026 ",No,Daily,"June 24, 2026",Standup
"Design Meeting @June 24, 2026 ",No,Daily,"June 24, 2026",Design
"Engineering Meeting @June 24, 2026 ",No,Daily,"June 24, 2026",Engineering
"Operations Meeting @June 25, 2026 ",No,Daily,"June 25, 2026",Operations
"Daily Standup @June 25, 2026 ",No,Daily,"June 25, 2026",Standup
"Design Meeting @June 25, 2026 ",No,Daily,"June 25, 2026",Design
"Engineering Meeting @June 25, 2026 ",No,Daily,"June 25, 2026",Engineering
"Operations Meeting @June 26, 2026 ",No,Daily,"June 26, 2026",Operations
"Daily Standup @June 26, 2026 ",No,Daily,"June 26, 2026",Standup
"Design Meeting @June 26, 2026 ",No,Daily,"June 26, 2026",Design
"Engineering Meeting @June 26, 2026 ",No,Daily,"June 26, 2026",Engineering
"Weekly Sync @June 27, 2026 ",No,Weekly,"June 27, 2026",Weekly Sync
"Operations Meeting @June 29, 2026 ",No,Daily,"June 29, 2026",Operations
"Daily Standup @June 29, 2026 ",No,Daily,"June 29, 2026",Standup
"Design Meeting @June 29, 2026 ",No,Daily,"June 29, 2026",Design
"Engineering Meeting @June 29, 2026 ",No,Daily,"June 29, 2026",Engineering
"Operations Meeting @June 30, 2026 ",No,Daily,"June 30, 2026",Operations
"Daily Standup @June 30, 2026 ",No,Daily,"June 30, 2026",Standup
"Design Meeting @June 30, 2026 ",No,Daily,"June 30, 2026",Design
"Engineering Meeting @June 30, 2026 ",No,Daily,"June 30, 2026",Engineering
"Operations Meeting @July 1, 2026 ",No,Daily,"July 1, 2026",Operations
"Daily Standup @July 1, 2026 ",No,Daily,"July 1, 2026",Standup
"Design Meeting @July 1, 2026 ",No,Daily,"July 1, 2026",Design
"Engineering Meeting @July 1, 2026 ",No,Daily,"July 1, 2026",Engineering
"Operations Meeting @July 2, 2026 ",No,Daily,"July 2, 2026",Operations
"Daily Standup @July 2, 2026 ",No,Daily,"July 2, 2026",Standup
"Design Meeting @July 2, 2026 ",No,Daily,"July 2, 2026",Design
"Engineering Meeting @July 2, 2026 ",No,Daily,"July 2, 2026",Engineering
"Operations Meeting @July 3, 2026 ",No,Daily,"July 3, 2026",Operations
"Daily Standup @July 3, 2026 ",No,Daily,"July 3, 2026",Standup
"Design Meeting @July 3, 2026 ",No,Daily,"July 3, 2026",Design
"Engineering Meeting @July 3, 2026 ",No,Daily,"July 3, 2026",Engineering
"Post-mortem @July 4, 2026 ",No,Biweekly,"July 4, 2026",Post-mortem
"Sprint Planning @July 4, 2026 ",No,Biweekly,"July 4, 2026",Sprint Planning
"Weekly Sync @July 4, 2026 ",No,Weekly,"July 4, 2026",Weekly Sync
"Operations Meeting @July 6, 2026 ",No,Daily,"July 6, 2026",Operations
"Daily Standup @July 6, 2026 ",No,Daily,"July 6, 2026",Standup
"Design Meeting @July 6, 2026 ",No,Daily,"July 6, 2026",Design
"Engineering Meeting @July 6, 2026 ",No,Daily,"July 6, 2026",Engineering
"Operations Meeting @July 7, 2026 ",No,Daily,"July 7, 2026",Operations
"Daily Standup @July 7, 2026 ",No,Daily,"July 7, 2026",Standup
"Design Meeting @July 7, 2026 ",No,Daily,"July 7, 2026",Design
"Engineering Meeting @July 7, 2026 ",No,Daily,"July 7, 2026",Engineering
"Operations Meeting @July 8, 2026 ",No,Daily,"July 8, 2026",Operations
"Daily Standup @July 8, 2026 ",No,Daily,"July 8, 2026",Standup
"Design Meeting @July 8, 2026 ",No,Daily,"July 8, 2026",Design
"Engineering Meeting @July 8, 2026 ",No,Daily,"July 8, 2026",Engineering
"Operations Meeting @July 9, 2026 ",No,Daily,"July 9, 2026",Operations
"Daily Standup @July 9, 2026 ",No,Daily,"July 9, 2026",Standup
"Design Meeting @July 9, 2026 ",No,Daily,"July 9, 2026",Design
"Engineering Meeting @July 9, 2026 ",No,Daily,"July 9, 2026",Engineering
"Operations Meeting @July 10, 2026 ",No,Daily,"July 10, 2026",Operations
"Daily Standup @July 10, 2026 ",No,Daily,"July 10, 2026",Standup
"Design Meeting @July 10, 2026 ",No,Daily,"July 10, 2026",Design
"Engineering Meeting @July 10, 2026 ",No,Daily,"July 10, 2026",Engineering
"Weekly Sync @July 11, 2026 ",No,Weekly,"July 11, 2026",Weekly Sync
"Operations Meeting @July 13, 2026 ",No,Daily,"July 13, 2026",Operations
"Daily Standup @July 13, 2026 ",No,Daily,"July 13, 2026",Standup
"Design Meeting @July 13, 2026 ",No,Daily,"July 13, 2026",Design
"Engineering Meeting @July 13, 2026 ",No,Daily,"July 13, 2026",Engineering
"Operations Meeting @July 14, 2026 ",No,Daily,"July 14, 2026",Operations
"Daily Standup @July 14, 2026 ",No,Daily,"July 14, 2026",Standup
"Design Meeting @July 14, 2026 ",No,Daily,"July 14, 2026",Design
"Engineering Meeting @July 14, 2026 ",No,Daily,"July 14, 2026",Engineering
"Operations Meeting @July 15, 2026 ",No,Daily,"July 15, 2026",Operations
"Daily Standup @July 15, 2026 ",No,Daily,"July 15, 2026",Standup
"Design Meeting @July 15, 2026 ",No,Daily,"July 15, 2026",Design
"Engineering Meeting @July 15, 2026 ",No,Daily,"July 15, 2026",Engineering
"Operations Meeting @July 16, 2026 ",No,Daily,"July 16, 2026",Operations
"Daily Standup @July 16, 2026 ",No,Daily,"July 16, 2026",Standup
"Design Meeting @July 16, 2026 ",No,Daily,"July 16, 2026",Design
"Engineering Meeting @July 16, 2026 ",No,Daily,"July 16, 2026",Engineering
"Operations Meeting @July 17, 2026 ",No,Daily,"July 17, 2026",Operations
"Daily Standup @July 17, 2026 ",No,Daily,"July 17, 2026",Standup
"Design Meeting @July 17, 2026 ",No,Daily,"July 17, 2026",Design
"Engineering Meeting @July 17, 2026 ",No,Daily,"July 17, 2026",Engineering
"Post-mortem @July 18, 2026 ",No,Biweekly,"July 18, 2026",Post-mortem
"Sprint Planning @July 18, 2026 ",No,Biweekly,"July 18, 2026",Sprint Planning
"Weekly Sync @July 18, 2026 ",No,Weekly,"July 18, 2026",Weekly Sync
"Operations Meeting @July 20, 2026 ",No,Daily,"July 20, 2026",Operations
"Daily Standup @July 20, 2026 ",No,Daily,"July 20, 2026",Standup
"Design Meeting @July 20, 2026 ",No,Daily,"July 20, 2026",Design
"Engineering Meeting @July 20, 2026 ",No,Daily,"July 20, 2026",Engineering
"Operations Meeting @July 21, 2026 ",No,Daily,"July 21, 2026",Operations
"Daily Standup @July 21, 2026 ",No,Daily,"July 21, 2026",Standup
"Design Meeting @July 21, 2026 ",No,Daily,"July 21, 2026",Design
"Engineering Meeting @July 21, 2026 ",No,Daily,"July 21, 2026",Engineering
"Operations Meeting @July 22, 2026 ",No,Daily,"July 22, 2026",Operations
"Daily Standup @July 22, 2026 ",No,Daily,"July 22, 2026",Standup
"Design Meeting @July 22, 2026 ",No,Daily,"July 22, 2026",Design
"Engineering Meeting @July 22, 2026 ",No,Daily,"July 22, 2026",Engineering
"Operations Meeting @July 23, 2026 ",No,Daily,"July 23, 2026",Operations
"Daily Standup @July 23, 2026 ",No,Daily,"July 23, 2026",Standup
"Design Meeting @July 23, 2026 ",No,Daily,"July 23, 2026",Design
"Engineering Meeting @July 23, 2026 ",No,Daily,"July 23, 2026",Engineering
"Operations Meeting @July 24, 2026 ",No,Daily,"July 24, 2026",Operations
"Daily Standup @July 24, 2026 ",No,Daily,"July 24, 2026",Standup
"Design Meeting @July 24, 2026 ",No,Daily,"July 24, 2026",Design
"Engineering Meeting @July 24, 2026 ",No,Daily,"July 24, 2026",Engineering
"Weekly Sync @July 25, 2026 ",No,Weekly,"July 25, 2026",Weekly Sync
"Operations Meeting @July 27, 2026 ",No,Daily,"July 27, 2026",Operations
"Daily Standup @July 27, 2026 ",No,Daily,"July 27, 2026",Standup
"Design Meeting @July 27, 2026 ",No,Daily,"July 27, 2026",Design
"Engineering Meeting @July 27, 2026 ",No,Daily,"July 27, 2026",Engineering
"Operations Meeting @July 28, 2026 ",No,Daily,"July 28, 2026",Operations
"Daily Standup @July 28, 2026 ",No,Daily,"July 28, 2026",Standup
"Design Meeting @July 28, 2026 ",No,Daily,"July 28, 2026",Design
"Engineering Meeting @July 28, 2026 ",No,Daily,"July 28, 2026",Engineering
"Operations Meeting @July 29, 2026 ",No,Daily,"July 29, 2026",Operations
"Daily Standup @July 29, 2026 ",No,Daily,"July 29, 2026",Standup
"Design Meeting @July 29, 2026 ",No,Daily,"July 29, 2026",Design
"Engineering Meeting @July 29, 2026 ",No,Daily,"July 29, 2026",Engineering
"Operations Meeting @July 30, 2026 ",No,Daily,"July 30, 2026",Operations
"Daily Standup @July 30, 2026 ",No,Daily,"July 30, 2026",Standup
"Design Meeting @July 30, 2026 ",No,Daily,"July 30, 2026",Design
"Engineering Meeting @July 30, 2026 ",No,Daily,"July 30, 2026",Engineering
"Operations Meeting @July 31, 2026 ",No,Daily,"July 31, 2026",Operations
"Daily Standup @July 31, 2026 ",No,Daily,"July 31, 2026",Standup
"Design Meeting @July 31, 2026 ",No,Daily,"July 31, 2026",Design
"Engineering Meeting @July 31, 2026 ",No,Daily,"July 31, 2026",Engineering
"Post-mortem @August 1, 2026 ",No,Biweekly,"August 1, 2026",Post-mortem
"Sprint Planning @August 1, 2026 ",No,Biweekly,"August 1, 2026",Sprint Planning
"Weekly Sync @August 1, 2026 ",No,Weekly,"August 1, 2026",Weekly Sync
"Operations Meeting @August 3, 2026 ",No,Daily,"August 3, 2026",Operations
"Daily Standup @August 3, 2026 ",No,Daily,"August 3, 2026",Standup
"Design Meeting @August 3, 2026 ",No,Daily,"August 3, 2026",Design
"Engineering Meeting @August 3, 2026 ",No,Daily,"August 3, 2026",Engineering
"Operations Meeting @August 4, 2026 ",No,Daily,"August 4, 2026",Operations
"Daily Standup @August 4, 2026 ",No,Daily,"August 4, 2026",Standup
"Design Meeting @August 4, 2026 ",No,Daily,"August 4, 2026",Design
"Engineering Meeting @August 4, 2026 ",No,Daily,"August 4, 2026",Engineering
"Operations Meeting @August 5, 2026 ",No,Daily,"August 5, 2026",Operations
"Daily Standup @August 5, 2026 ",No,Daily,"August 5, 2026",Standup
"Design Meeting @August 5, 2026 ",No,Daily,"August 5, 2026",Design
"Engineering Meeting @August 5, 2026 ",No,Daily,"August 5, 2026",Engineering
"Operations Meeting @August 6, 2026 ",No,Daily,"August 6, 2026",Operations
"Daily Standup @August 6, 2026 ",No,Daily,"August 6, 2026",Standup
"Design Meeting @August 6, 2026 ",No,Daily,"August 6, 2026",Design
"Engineering Meeting @August 6, 2026 ",No,Daily,"August 6, 2026",Engineering
"Operations Meeting @August 7, 2026 ",No,Daily,"August 7, 2026",Operations
"Daily Standup @August 7, 2026 ",No,Daily,"August 7, 2026",Standup
"Design Meeting @August 7, 2026 ",No,Daily,"August 7, 2026",Design
"Engineering Meeting @August 7, 2026 ",No,Daily,"August 7, 2026",Engineering
"Weekly Sync @August 8, 2026 ",No,Weekly,"August 8, 2026",Weekly Sync
"Operations Meeting @August 10, 2026 ",No,Daily,"August 10, 2026",Operations
"Daily Standup @August 10, 2026 ",No,Daily,"August 10, 2026",Standup
"Design Meeting @August 10, 2026 ",No,Daily,"August 10, 2026",Design
"Engineering Meeting @August 10, 2026 ",No,Daily,"August 10, 2026",Engineering
"Operations Meeting @August 11, 2026 ",No,Daily,"August 11, 2026",Operations
"Daily Standup @August 11, 2026 ",No,Daily,"August 11, 2026",Standup
"Design Meeting @August 11, 2026 ",No,Daily,"August 11, 2026",Design
"Engineering Meeting @August 11, 2026 ",No,Daily,"August 11, 2026",Engineering
"Operations Meeting @August 12, 2026 ",No,Daily,"August 12, 2026",Operations
"Daily Standup @August 12, 2026 ",No,Daily,"August 12, 2026",Standup
"Design Meeting @August 12, 2026 ",No,Daily,"August 12, 2026",Design
"Engineering Meeting @August 12, 2026 ",No,Daily,"August 12, 2026",Engineering
"Operations Meeting @August 13, 2026 ",No,Daily,"August 13, 2026",Operations
"Daily Standup @August 13, 2026 ",No,Daily,"August 13, 2026",Standup
"Design Meeting @August 13, 2026 ",No,Daily,"August 13, 2026",Design
"Engineering Meeting @August 13, 2026 ",No,Daily,"August 13, 2026",Engineering
"Operations Meeting @August 14, 2026 ",No,Daily,"August 14, 2026",Operations
"Daily Standup @August 14, 2026 ",No,Daily,"August 14, 2026",Standup
"Design Meeting @August 14, 2026 ",No,Daily,"August 14, 2026",Design
"Engineering Meeting @August 14, 2026 ",No,Daily,"August 14, 2026",Engineering
"Post-mortem @August 15, 2026 ",No,Biweekly,"August 15, 2026",Post-mortem
"Sprint Planning @August 15, 2026 ",No,Biweekly,"August 15, 2026",Sprint Planning
"Weekly Sync @August 15, 2026 ",No,Weekly,"August 15, 2026",Weekly Sync
"Operations Meeting @August 17, 2026 ",No,Daily,"August 17, 2026",Operations
"Daily Standup @August 17, 2026 ",No,Daily,"August 17, 2026",Standup
"Design Meeting @August 17, 2026 ",No,Daily,"August 17, 2026",Design
"Engineering Meeting @August 17, 2026 ",No,Daily,"August 17, 2026",Engineering
"Operations Meeting @August 18, 2026 ",No,Daily,"August 18, 2026",Operations
"Daily Standup @August 18, 2026 ",No,Daily,"August 18, 2026",Standup
"Design Meeting @August 18, 2026 ",No,Daily,"August 18, 2026",Design
"Engineering Meeting @August 18, 2026 ",No,Daily,"August 18, 2026",Engineering
"Operations Meeting @August 19, 2026 ",No,Daily,"August 19, 2026",Operations
"Daily Standup @August 19, 2026 ",No,Daily,"August 19, 2026",Standup
"Design Meeting @August 19, 2026 ",No,Daily,"August 19, 2026",Design
"Engineering Meeting @August 19, 2026 ",No,Daily,"August 19, 2026",Engineering
"Operations Meeting @August 20, 2026 ",No,Daily,"August 20, 2026",Operations
"Daily Standup @August 20, 2026 ",No,Daily,"August 20, 2026",Standup
"Design Meeting @August 20, 2026 ",No,Daily,"August 20, 2026",Design
"Engineering Meeting @August 20, 2026 ",No,Daily,"August 20, 2026",Engineering
"Operations Meeting @August 21, 2026 ",No,Daily,"August 21, 2026",Operations
"Daily Standup @August 21, 2026 ",No,Daily,"August 21, 2026",Standup
"Design Meeting @August 21, 2026 ",No,Daily,"August 21, 2026",Design
"Engineering Meeting @August 21, 2026 ",No,Daily,"August 21, 2026",Engineering
"Weekly Sync @August 22, 2026 ",No,Weekly,"August 22, 2026",Weekly Sync
"Operations Meeting @August 24, 2026 ",No,Daily,"August 24, 2026",Operations
"Daily Standup @August 24, 2026 ",No,Daily,"August 24, 2026",Standup
"Design Meeting @August 24, 2026 ",No,Daily,"August 24, 2026",Design
"Engineering Meeting @August 24, 2026 ",No,Daily,"August 24, 2026",Engineering
"Operations Meeting @August 25, 2026 ",No,Daily,"August 25, 2026",Operations
"Daily Standup @August 25, 2026 ",No,Daily,"August 25, 2026",Standup
"Design Meeting @August 25, 2026 ",No,Daily,"August 25, 2026",Design
"Engineering Meeting @August 25, 2026 ",No,Daily,"August 25, 2026",Engineering
"Operations Meeting @August 26, 2026 ",No,Daily,"August 26, 2026",Operations
"Daily Standup @August 26, 2026 ",No,Daily,"August 26, 2026",Standup
"Design Meeting @August 26, 2026 ",No,Daily,"August 26, 2026",Design
"Engineering Meeting @August 26, 2026 ",No,Daily,"August 26, 2026",Engineering
"Operations Meeting @August 27, 2026 ",No,Daily,"August 27, 2026",Operations
"Daily Standup @August 27, 2026 ",No,Daily,"August 27, 2026",Standup
"Design Meeting @August 27, 2026 ",No,Daily,"August 27, 2026",Design
"Engineering Meeting @August 27, 2026 ",No,Daily,"August 27, 2026",Engineering
"Operations Meeting @August 28, 2026 ",No,Daily,"August 28, 2026",Operations
"Daily Standup @August 28, 2026 ",No,Daily,"August 28, 2026",Standup
"Design Meeting @August 28, 2026 ",No,Daily,"August 28, 2026",Design
"Engineering Meeting @August 28, 2026 ",No,Daily,"August 28, 2026",Engineering
"Post-mortem @August 29, 2026 ",No,Biweekly,"August 29, 2026",Post-mortem
"Sprint Planning @August 29, 2026 ",No,Biweekly,"August 29, 2026",Sprint Planning
"Weekly Sync @August 29, 2026 ",No,Weekly,"August 29, 2026",Weekly Sync
"Operations Meeting @August 31, 2026 ",No,Daily,"August 31, 2026",Operations
"Daily Standup @August 31, 2026 ",No,Daily,"August 31, 2026",Standup
"Design Meeting @August 31, 2026 ",No,Daily,"August 31, 2026",Design
"Engineering Meeting @August 31, 2026 ",No,Daily,"August 31, 2026",Engineering
"Operations Meeting @September 1, 2026 ",No,Daily,"September 1, 2026",Operations
"Daily Standup @September 1, 2026 ",No,Daily,"September 1, 2026",Standup
"Design Meeting @September 1, 2026 ",No,Daily,"September 1, 2026",Design
"Engineering Meeting @September 1, 2026 ",No,Daily,"September 1, 2026",Engineering
"Operations Meeting @September 2, 2026 ",No,Daily,"September 2, 2026",Operations
"Daily Standup @September 2, 2026 ",No,Daily,"September 2, 2026",Standup
"Design Meeting @September 2, 2026 ",No,Daily,"September 2, 2026",Design
"Engineering Meeting @September 2, 2026 ",No,Daily,"September 2, 2026",Engineering
"Operations Meeting @September 3, 2026 ",No,Daily,"September 3, 2026",Operations
"Daily Standup @September 3, 2026 ",No,Daily,"September 3, 2026",Standup
"Design Meeting @September 3, 2026 ",No,Daily,"September 3, 2026",Design
"Engineering Meeting @September 3, 2026 ",No,Daily,"September 3, 2026",Engineering
"Operations Meeting @September 4, 2026 ",No,Daily,"September 4, 2026",Operations
"Daily Standup @September 4, 2026 ",No,Daily,"September 4, 2026",Standup
"Design Meeting @September 4, 2026 ",No,Daily,"September 4, 2026",Design
"Engineering Meeting @September 4, 2026 ",No,Daily,"September 4, 2026",Engineering
"Weekly Sync @September 5, 2026 ",No,Weekly,"September 5, 2026",Weekly Sync
"Operations Meeting @September 7, 2026 ",No,Daily,"September 7, 2026",Operations
"Daily Standup @September 7, 2026 ",No,Daily,"September 7, 2026",Standup
"Design Meeting @September 7, 2026 ",No,Daily,"September 7, 2026",Design
"Engineering Meeting @September 7, 2026 ",No,Daily,"September 7, 2026",Engineering
"Operations Meeting @September 8, 2026 ",No,Daily,"September 8, 2026",Operations
"Daily Standup @September 8, 2026 ",No,Daily,"September 8, 2026",Standup
"Design Meeting @September 8, 2026 ",No,Daily,"September 8, 2026",Design
"Engineering Meeting @September 8, 2026 ",No,Daily,"September 8, 2026",Engineering
"Operations Meeting @September 9, 2026 ",No,Daily,"September 9, 2026",Operations
"Daily Standup @September 9, 2026 ",No,Daily,"September 9, 2026",Standup
"Design Meeting @September 9, 2026 ",No,Daily,"September 9, 2026",Design
"Engineering Meeting @September 9, 2026 ",No,Daily,"September 9, 2026",Engineering
"Operations Meeting @September 10, 2026 ",No,Daily,"September 10, 2026",Operations
"Daily Standup @September 10, 2026 ",No,Daily,"September 10, 2026",Standup
"Design Meeting @September 10, 2026 ",No,Daily,"September 10, 2026",Design
"Engineering Meeting @September 10, 2026 ",No,Daily,"September 10, 2026",Engineering
"Operations Meeting @September 11, 2026 ",No,Daily,"September 11, 2026",Operations
"Daily Standup @September 11, 2026 ",No,Daily,"September 11, 2026",Standup
"Design Meeting @September 11, 2026 ",No,Daily,"September 11, 2026",Design
"Engineering Meeting @September 11, 2026 ",No,Daily,"September 11, 2026",Engineering
"Post-mortem @September 12, 2026 ",No,Biweekly,"September 12, 2026",Post-mortem
"Sprint Planning @September 12, 2026 ",No,Biweekly,"September 12, 2026",Sprint Planning
"Weekly Sync @September 12, 2026 ",No,Weekly,"September 12, 2026",Weekly Sync
"Operations Meeting @September 14, 2026 ",No,Daily,"September 14, 2026",Operations
"Daily Standup @September 14, 2026 ",No,Daily,"September 14, 2026",Standup
"Design Meeting @September 14, 2026 ",No,Daily,"September 14, 2026",Design
"Engineering Meeting @September 14, 2026 ",No,Daily,"September 14, 2026",Engineering
"Operations Meeting @September 15, 2026 ",No,Daily,"September 15, 2026",Operations
"Daily Standup @September 15, 2026 ",No,Daily,"September 15, 2026",Standup
"Design Meeting @September 15, 2026 ",No,Daily,"September 15, 2026",Design
"Engineering Meeting @September 15, 2026 ",No,Daily,"September 15, 2026",Engineering
"Operations Meeting @September 16, 2026 ",No,Daily,"September 16, 2026",Operations
"Daily Standup @September 16, 2026 ",No,Daily,"September 16, 2026",Standup
"Design Meeting @September 16, 2026 ",No,Daily,"September 16, 2026",Design
"Engineering Meeting @September 16, 2026 ",No,Daily,"September 16, 2026",Engineering
"Operations Meeting @September 17, 2026 ",No,Daily,"September 17, 2026",Operations
"Daily Standup @September 17, 2026 ",No,Daily,"September 17, 2026",Standup
"Design Meeting @September 17, 2026 ",No,Daily,"September 17, 2026",Design
"Engineering Meeting @September 17, 2026 ",No,Daily,"September 17, 2026",Engineering
"Operations Meeting @September 18, 2026 ",No,Daily,"September 18, 2026",Operations
"Daily Standup @September 18, 2026 ",No,Daily,"September 18, 2026",Standup
"Design Meeting @September 18, 2026 ",No,Daily,"September 18, 2026",Design
"Engineering Meeting @September 18, 2026 ",No,Daily,"September 18, 2026",Engineering
"Weekly Sync @September 19, 2026 ",No,Weekly,"September 19, 2026",Weekly Sync
"Operations Meeting @September 21, 2026 ",No,Daily,"September 21, 2026",Operations
"Daily Standup @September 21, 2026 ",No,Daily,"September 21, 2026",Standup
"Design Meeting @September 21, 2026 ",No,Daily,"September 21, 2026",Design
"Engineering Meeting @September 21, 2026 ",No,Daily,"September 21, 2026",Engineering
"Operations Meeting @September 22, 2026 ",No,Daily,"September 22, 2026",Operations
"Daily Standup @September 22, 2026 ",No,Daily,"September 22, 2026",Standup
"Design Meeting @September 22, 2026 ",No,Daily,"September 22, 2026",Design
"Engineering Meeting @September 22, 2026 ",No,Daily,"September 22, 2026",Engineering
"Operations Meeting @September 23, 2026 ",No,Daily,"September 23, 2026",Operations
"Daily Standup @September 23, 2026 ",No,Daily,"September 23, 2026",Standup
"Design Meeting @September 23, 2026 ",No,Daily,"September 23, 2026",Design
"Engineering Meeting @September 23, 2026 ",No,Daily,"September 23, 2026",Engineering
"Operations Meeting @September 24, 2026 ",No,Daily,"September 24, 2026",Operations
"Daily Standup @September 24, 2026 ",No,Daily,"September 24, 2026",Standup
"Design Meeting @September 24, 2026 ",No,Daily,"September 24, 2026",Design
"Engineering Meeting @September 24, 2026 ",No,Daily,"September 24, 2026",Engineering
