Name,Created time,Done,Task Code
"T01 Define company objectives ","January 1, 2026 8:13 AM",Yes,T01
"T01 Market synthesis ","January 1, 2026 8:36 AM",Yes,T01
"T01 Core user flows ","January 1, 2026 8:38 AM",Yes,T01
T01 Core concepts & complexity,"January 1, 2026 8:38 AM",Yes,T01
T01 Positioning statement,"January 1, 2026 8:41 AM",Yes,T01
"T01 Audit workspace & repo state ","January 1, 2026 8:50 AM",Yes,T01
"T02 Define key results ","January 2, 2026 9:33 AM",Yes,TO2
"T02 Tenant & RBAC assumptions ","January 2, 2026 9:34 AM",Yes,TO2
"T02 Information architecture ","January 2, 2026 9:34 AM",Yes,TO2
"T02 Validate PRD & TechReq presence ","January 2, 2026 9:34 AM",Yes,TO2
T02 Messaging framework,"January 2, 2026 9:34 AM",Yes,TO2
T02 Sliding window patterns,"January 2, 2026 9:34 AM",No,TO2
"T03 Align team OKRs ","January 5, 2026 10:40 AM",Yes,TO3
"T03 Draft PRDs ","January 5, 2026 10:40 AM",Yes,TO3
"T03 Design system alignment ","January 5, 2026 10:41 AM",Yes,TO3
"T03 Validate MCP & tooling availability ","January 5, 2026 10:41 AM",Yes,TO3
T03 Educational content,"January 5, 2026 10:41 AM",Yes,TO3
"T04 Align budgets to OKRs ","January 8, 2026 7:16 AM",Yes,T04
"T04 Pricing & packaging ","January 8, 2026 7:17 AM",Yes,T04
"T04 Low-fidelity prototypes ","January 8, 2026 7:17 AM",Yes,T04
"T04 Environment readiness report ","January 8, 2026 7:17 AM",Yes,T04
T04 Social signal monitoring,"January 8, 2026 7:17 AM",Yes,T04
"T03 Two pointer patterns ","January 8, 2026 7:18 AM",Yes,TO3
"T01 Draft operating agreement ","January 8, 2026 10:27 AM",Yes,T01
"T01 Cross-check PRD vs TechReq ","January 8, 2026 10:27 AM",Yes,T01
"T01 Cross-check UX against PRD ","January 8, 2026 10:28 AM",Yes,T01
"T01 ESLint / Prettier config ","January 8, 2026 10:28 AM",Yes,T01
T05 Initialization sign-off,"January 8, 2026 10:28 AM",Yes,T05
"T05 Handoff to Engineering ","January 8, 2026 10:28 AM",Yes,T05
"T05 Feasibility review ","January 8, 2026 10:28 AM",Yes,T05
"T05 Publish OKRs ","January 8, 2026 10:29 AM",Yes,T05
T05 Product language feedback,"January 8, 2026 10:29 AM",Yes,T05
T01 Audit existing social presence,"January 8, 2026 10:29 AM",Yes,T01
"T04 Implementation drills ","January 8, 2026 10:29 AM",Yes,T04
"T02 Execute IP assignments ","January 10, 2026 6:25 PM",No,
"T02 Validate assumptions & constraints ","January 10, 2026 6:25 PM",No,
"T02 Validate user journeys ","January 10, 2026 6:25 PM",No,
"T02 TypeScript strict config ","January 10, 2026 6:25 PM",No,
T02 Set up Twitter profile,"January 10, 2026 6:26 PM",No,
"T05 128. longest consecutive sequence ","January 10, 2026 6:26 PM",Yes,
