Name,Status,Target Date
"Objective 1 ",🟠,"January 31, 2026"
"Establish a single, authoritative operating system for execution",,"January 31, 2026"
"KR1.1 ",,"January 31, 2026"
KR1.2,,"January 31, 2026"
KR1.3,,"January 31, 2026"
Objective 2,🟠,"January 31, 2026"
Enforce meeting → decision → task as the only execution pathway,,"January 31, 2026"
KR3.1,,"January 31, 2026"
KR3.2,,"January 31, 2026"
KR3.3,,"January 31, 2026"
Objective 4,🟠,"January 31, 2026"
Objective 5,🟠,"January 31, 2026"
"Create execution confidence through visibility, not micromanagement",,"January 31, 2026"
Objective 3,🟠,"January 31, 2026"
Make constraints explicit so priorities stay real,,"January 31, 2026"
KR3.1,,"January 31, 2026"
KR3.2,,"January 31, 2026"
KR3.3,,"January 31, 2026"
KR4.1,,"January 31, 2026"
KR4.2,,"January 31, 2026"
KR4.3,,"January 31, 2026"
Prepare the system for scale without adding process,,"January 31, 2026"
KR5.1,,"January 31, 2026"
KR5.2,,"January 31, 2026"
KR5.3,,"January 31, 2026"
