"action","source_path","output_path","archive_path","note_type","status","sha256","details"
"convert-chat-thread","00 ZETTELKASTEN\INBOX\aichatbackup-2026-05-23 (1).json","00 ZETTELKASTEN\10 CHAT ARCHIVE\chat.archive.creative.co.creation.and.branching.097dd76e.md","","reference","generated","048579E63CC2812400E109CEE18A35EDEBEF0789773E8FC528BB7919AF54ABE7; 0A5FF8FEC6282991C7E56791764AD04181CDB688A4E86507757423706B6300D3; 0AFCBEAC0C6571F9FE6D70FA88334F13E2FB8A19DD72DDDF4DE600AA2296B495; 23EBC0A6FA5838618512C0C6560CC17C0E2D5EA50BEF16CB32B702D7E8EB60E1; 34502ED3E5D360FBFBD1262DBA8C430B3D6C01FA22DB9B5D34FBA9A945FDA15D; 34B2B6779038E7AB432AB1C879E0E9C8366E03828FC8293C9211AAEDF3D2C140; 3CFF2CBD3DEDB404F1A89A04DB19A31CAB99867D0D2160C5A116545C8D4E8A3B; 48BD6C1A993666881ACA74E0A76B90AF962B6A4A95FB296631DB722F8CB01902; 4C8BFCEB008D24EB01074C38330AB46796426B91938CA804D4B8B11211648716; 62376A5F57D3A43C2DA9747586E650999C32D753B9E165FA755B3DEA1AF9FE8E; 63D21C555730625A1B333273C916623B1EE84126763A41FC3BB9893E9D5AB425; 6B823DCDFC5159853FC8CA069FD0FACFF6E8DDB7ACE93D1E7BB6FAD9D07C548B; 95CDD57710F88D2545ADC2FDA3050668914129A5A6C2FB7AB399485DF37234F2; 9D1320D5B2DA2CAC0A7AAD9AD1CE33786F6272332C4802F392876669F68025C8; A3D1143FBB47F7F66054E5B83120D1B2CB416BF148A78D54CCB20DC375D768B2; A5293EFA7EAC336454537411469405609F8F268910B8E67E3C7D309A0AB5A12F; AAEA8A2C1D014415B6A477FED8E06A761AFFB75FB9AE26814AEA49961273B0BE; ADD281AC7AF7F81605EBE1AE9EF52E37483E926F392545680359AA2C4920A8CB; BDBB58D5FF200C305506C127789A5416077E9A4847AA5A1E8BEC01D00F68C17B; BEAF74FEAD97D3DE2B105B5B3973C2C3967C84CB34D328BA3183DFA8F944E25F; C41B57D14CE7DF2E4E401C87AEA0F56944925D8E7385C9ACB0CF752E70AB02A7; C6D0A8E3348101A9C424AE8A0524FB65E267BF7B03BF490E7E54A96545FBA746; C9AF86678E790FBFF64B74B34AE6300A8FB02532E2C83A8A934311346714744F; DB755B49E31CF9F15B050661086173BF632CC20E614B8B44A518514B798FF26C; DCB0CD13B9A2193518FA34AA302F3290D114C07626FF72211187F6C8A24FB7D0; E31840A2DB76732FC778FD41DFFAD31B87295AE7906B15F6C5FD218D4E0C29DD; E6D5877819688BC301CE25DF6236864990A5FB6F05C4055C11428E267406A1BC","thread_id=097dd76e-b1ee-4823-b813-f922c8495410"
"convert-chat-thread","00 ZETTELKASTEN\INBOX\aichatbackup-2026-05-23 (1).json","00 ZETTELKASTEN\10 CHAT ARCHIVE\chat.archive.branch.file.types.for.documentation.10fa71c7.md","","reference","generated","048579E63CC2812400E109CEE18A35EDEBEF0789773E8FC528BB7919AF54ABE7; 0A5FF8FEC6282991C7E56791764AD04181CDB688A4E86507757423706B6300D3; 0AFCBEAC0C6571F9FE6D70FA88334F13E2FB8A19DD72DDDF4DE600AA2296B495; 23EBC0A6FA5838618512C0C6560CC17C0E2D5EA50BEF16CB32B702D7E8EB60E1; 34502ED3E5D360FBFBD1262DBA8C430B3D6C01FA22DB9B5D34FBA9A945FDA15D; 34B2B6779038E7AB432AB1C879E0E9C8366E03828FC8293C9211AAEDF3D2C140; 3CFF2CBD3DEDB404F1A89A04DB19A31CAB99867D0D2160C5A116545C8D4E8A3B; 48BD6C1A993666881ACA74E0A76B90AF962B6A4A95FB296631DB722F8CB01902; 4C8BFCEB008D24EB01074C38330AB46796426B91938CA804D4B8B11211648716; 62376A5F57D3A43C2DA9747586E650999C32D753B9E165FA755B3DEA1AF9FE8E; 63D21C555730625A1B333273C916623B1EE84126763A41FC3BB9893E9D5AB425; 6B823DCDFC5159853FC8CA069FD0FACFF6E8DDB7ACE93D1E7BB6FAD9D07C548B; 95CDD57710F88D2545ADC2FDA3050668914129A5A6C2FB7AB399485DF37234F2; 9D1320D5B2DA2CAC0A7AAD9AD1CE33786F6272332C4802F392876669F68025C8; A3D1143FBB47F7F66054E5B83120D1B2CB416BF148A78D54CCB20DC375D768B2; A5293EFA7EAC336454537411469405609F8F268910B8E67E3C7D309A0AB5A12F; AAEA8A2C1D014415B6A477FED8E06A761AFFB75FB9AE26814AEA49961273B0BE; ADD281AC7AF7F81605EBE1AE9EF52E37483E926F392545680359AA2C4920A8CB; BDBB58D5FF200C305506C127789A5416077E9A4847AA5A1E8BEC01D00F68C17B; BEAF74FEAD97D3DE2B105B5B3973C2C3967C84CB34D328BA3183DFA8F944E25F; C41B57D14CE7DF2E4E401C87AEA0F56944925D8E7385C9ACB0CF752E70AB02A7; C6D0A8E3348101A9C424AE8A0524FB65E267BF7B03BF490E7E54A96545FBA746; C9AF86678E790FBFF64B74B34AE6300A8FB02532E2C83A8A934311346714744F; DB755B49E31CF9F15B050661086173BF632CC20E614B8B44A518514B798FF26C; DCB0CD13B9A2193518FA34AA302F3290D114C07626FF72211187F6C8A24FB7D0; E31840A2DB76732FC778FD41DFFAD31B87295AE7906B15F6C5FD218D4E0C29DD; E6D5877819688BC301CE25DF6236864990A5FB6F05C4055C11428E267406A1BC","thread_id=10fa71c7-a8cd-4a9b-a839-09d0792fc003"
"convert-chat-thread","00 ZETTELKASTEN\INBOX\aichatbackup-2026-05-23 (1).json","00 ZETTELKASTEN\10 CHAT ARCHIVE\chat.archive.powershell.codex.fix.156306fd.md","","reference","generated","048579E63CC2812400E109CEE18A35EDEBEF0789773E8FC528BB7919AF54ABE7; 0A5FF8FEC6282991C7E56791764AD04181CDB688A4E86507757423706B6300D3; 0AFCBEAC0C6571F9FE6D70FA88334F13E2FB8A19DD72DDDF4DE600AA2296B495; 23EBC0A6FA5838618512C0C6560CC17C0E2D5EA50BEF16CB32B702D7E8EB60E1; 34502ED3E5D360FBFBD1262DBA8C430B3D6C01FA22DB9B5D34FBA9A945FDA15D; 34B2B6779038E7AB432AB1C879E0E9C8366E03828FC8293C9211AAEDF3D2C140; 3CFF2CBD3DEDB404F1A89A04DB19A31CAB99867D0D2160C5A116545C8D4E8A3B; 48BD6C1A993666881ACA74E0A76B90AF962B6A4A95FB296631DB722F8CB01902; 4C8BFCEB008D24EB01074C38330AB46796426B91938CA804D4B8B11211648716; 62376A5F57D3A43C2DA9747586E650999C32D753B9E165FA755B3DEA1AF9FE8E; 63D21C555730625A1B333273C916623B1EE84126763A41FC3BB9893E9D5AB425; 6B823DCDFC5159853FC8CA069FD0FACFF6E8DDB7ACE93D1E7BB6FAD9D07C548B; 95CDD57710F88D2545ADC2FDA3050668914129A5A6C2FB7AB399485DF37234F2; 9D1320D5B2DA2CAC0A7AAD9AD1CE33786F6272332C4802F392876669F68025C8; A3D1143FBB47F7F66054E5B83120D1B2CB416BF148A78D54CCB20DC375D768B2; A5293EFA7EAC336454537411469405609F8F268910B8E67E3C7D309A0AB5A12F; AAEA8A2C1D014415B6A477FED8E06A761AFFB75FB9AE26814AEA49961273B0BE; ADD281AC7AF7F81605EBE1AE9EF52E37483E926F392545680359AA2C4920A8CB; BDBB58D5FF200C305506C127789A5416077E9A4847AA5A1E8BEC01D00F68C17B; BEAF74FEAD97D3DE2B105B5B3973C2C3967C84CB34D328BA3183DFA8F944E25F; C41B57D14CE7DF2E4E401C87AEA0F56944925D8E7385C9ACB0CF752E70AB02A7; C6D0A8E3348101A9C424AE8A0524FB65E267BF7B03BF490E7E54A96545FBA746; C9AF86678E790FBFF64B74B34AE6300A8FB02532E2C83A8A934311346714744F; DB755B49E31CF9F15B050661086173BF632CC20E614B8B44A518514B798FF26C; DCB0CD13B9A2193518FA34AA302F3290D114C07626FF72211187F6C8A24FB7D0; E31840A2DB76732FC778FD41DFFAD31B87295AE7906B15F6C5FD218D4E0C29DD; E6D5877819688BC301CE25DF6236864990A5FB6F05C4055C11428E267406A1BC","thread_id=156306fd-679d-41fd-a0c6-c318228b41ad"
"convert-chat-thread","00 ZETTELKASTEN\INBOX\aichatbackup-2026-05-23 (1).json","00 ZETTELKASTEN\10 CHAT ARCHIVE\chat.archive.creative.fun.exploration.20b66154.md","","reference","generated","048579E63CC2812400E109CEE18A35EDEBEF0789773E8FC528BB7919AF54ABE7; 0A5FF8FEC6282991C7E56791764AD04181CDB688A4E86507757423706B6300D3; 0AFCBEAC0C6571F9FE6D70FA88334F13E2FB8A19DD72DDDF4DE600AA2296B495; 23EBC0A6FA5838618512C0C6560CC17C0E2D5EA50BEF16CB32B702D7E8EB60E1; 34502ED3E5D360FBFBD1262DBA8C430B3D6C01FA22DB9B5D34FBA9A945FDA15D; 34B2B6779038E7AB432AB1C879E0E9C8366E03828FC8293C9211AAEDF3D2C140; 3CFF2CBD3DEDB404F1A89A04DB19A31CAB99867D0D2160C5A116545C8D4E8A3B; 48BD6C1A993666881ACA74E0A76B90AF962B6A4A95FB296631DB722F8CB01902; 4C8BFCEB008D24EB01074C38330AB46796426B91938CA804D4B8B11211648716; 62376A5F57D3A43C2DA9747586E650999C32D753B9E165FA755B3DEA1AF9FE8E; 63D21C555730625A1B333273C916623B1EE84126763A41FC3BB9893E9D5AB425; 6B823DCDFC5159853FC8CA069FD0FACFF6E8DDB7ACE93D1E7BB6FAD9D07C548B; 95CDD57710F88D2545ADC2FDA3050668914129A5A6C2FB7AB399485DF37234F2; 9D1320D5B2DA2CAC0A7AAD9AD1CE33786F6272332C4802F392876669F68025C8; A3D1143FBB47F7F66054E5B83120D1B2CB416BF148A78D54CCB20DC375D768B2; A5293EFA7EAC336454537411469405609F8F268910B8E67E3C7D309A0AB5A12F; AAEA8A2C1D014415B6A477FED8E06A761AFFB75FB9AE26814AEA49961273B0BE; ADD281AC7AF7F81605EBE1AE9EF52E37483E926F392545680359AA2C4920A8CB; BDBB58D5FF200C305506C127789A5416077E9A4847AA5A1E8BEC01D00F68C17B; BEAF74FEAD97D3DE2B105B5B3973C2C3967C84CB34D328BA3183DFA8F944E25F; C41B57D14CE7DF2E4E401C87AEA0F56944925D8E7385C9ACB0CF752E70AB02A7; C6D0A8E3348101A9C424AE8A0524FB65E267BF7B03BF490E7E54A96545FBA746; C9AF86678E790FBFF64B74B34AE6300A8FB02532E2C83A8A934311346714744F; DB755B49E31CF9F15B050661086173BF632CC20E614B8B44A518514B798FF26C; DCB0CD13B9A2193518FA34AA302F3290D114C07626FF72211187F6C8A24FB7D0; E31840A2DB76732FC778FD41DFFAD31B87295AE7906B15F6C5FD218D4E0C29DD; E6D5877819688BC301CE25DF6236864990A5FB6F05C4055C11428E267406A1BC","thread_id=20b66154-93ba-472f-b30c-4be20bf23387"
"convert-chat-thread","00 ZETTELKASTEN\INBOX\aichatbackup-2026-05-23 (1).json","00 ZETTELKASTEN\10 CHAT ARCHIVE\chat.archive.branch.docs.section.creation.2174f56d.md","","reference","generated","048579E63CC2812400E109CEE18A35EDEBEF0789773E8FC528BB7919AF54ABE7; 0A5FF8FEC6282991C7E56791764AD04181CDB688A4E86507757423706B6300D3; 0AFCBEAC0C6571F9FE6D70FA88334F13E2FB8A19DD72DDDF4DE600AA2296B495; 23EBC0A6FA5838618512C0C6560CC17C0E2D5EA50BEF16CB32B702D7E8EB60E1; 34502ED3E5D360FBFBD1262DBA8C430B3D6C01FA22DB9B5D34FBA9A945FDA15D; 34B2B6779038E7AB432AB1C879E0E9C8366E03828FC8293C9211AAEDF3D2C140; 3CFF2CBD3DEDB404F1A89A04DB19A31CAB99867D0D2160C5A116545C8D4E8A3B; 48BD6C1A993666881ACA74E0A76B90AF962B6A4A95FB296631DB722F8CB01902; 4C8BFCEB008D24EB01074C38330AB46796426B91938CA804D4B8B11211648716; 62376A5F57D3A43C2DA9747586E650999C32D753B9E165FA755B3DEA1AF9FE8E; 63D21C555730625A1B333273C916623B1EE84126763A41FC3BB9893E9D5AB425; 6B823DCDFC5159853FC8CA069FD0FACFF6E8DDB7ACE93D1E7BB6FAD9D07C548B; 95CDD57710F88D2545ADC2FDA3050668914129A5A6C2FB7AB399485DF37234F2; 9D1320D5B2DA2CAC0A7AAD9AD1CE33786F6272332C4802F392876669F68025C8; A3D1143FBB47F7F66054E5B83120D1B2CB416BF148A78D54CCB20DC375D768B2; A5293EFA7EAC336454537411469405609F8F268910B8E67E3C7D309A0AB5A12F; AAEA8A2C1D014415B6A477FED8E06A761AFFB75FB9AE26814AEA49961273B0BE; ADD281AC7AF7F81605EBE1AE9EF52E37483E926F392545680359AA2C4920A8CB; BDBB58D5FF200C305506C127789A5416077E9A4847AA5A1E8BEC01D00F68C17B; BEAF74FEAD97D3DE2B105B5B3973C2C3967C84CB34D328BA3183DFA8F944E25F; C41B57D14CE7DF2E4E401C87AEA0F56944925D8E7385C9ACB0CF752E70AB02A7; C6D0A8E3348101A9C424AE8A0524FB65E267BF7B03BF490E7E54A96545FBA746; C9AF86678E790FBFF64B74B34AE6300A8FB02532E2C83A8A934311346714744F; DB755B49E31CF9F15B050661086173BF632CC20E614B8B44A518514B798FF26C; DCB0CD13B9A2193518FA34AA302F3290D114C07626FF72211187F6C8A24FB7D0; E31840A2DB76732FC778FD41DFFAD31B87295AE7906B15F6C5FD218D4E0C29DD; E6D5877819688BC301CE25DF6236864990A5FB6F05C4055C11428E267406A1BC","thread_id=2174f56d-2d90-4c82-bd7e-d3a9acebed19"
"convert-chat-thread","00 ZETTELKASTEN\INBOX\aichatbackup-2026-05-23 (1).json","00 ZETTELKASTEN\10 CHAT ARCHIVE\chat.archive.legal.terminology.inquiry.2e394315.md","","reference","generated","048579E63CC2812400E109CEE18A35EDEBEF0789773E8FC528BB7919AF54ABE7; 0A5FF8FEC6282991C7E56791764AD04181CDB688A4E86507757423706B6300D3; 0AFCBEAC0C6571F9FE6D70FA88334F13E2FB8A19DD72DDDF4DE600AA2296B495; 23EBC0A6FA5838618512C0C6560CC17C0E2D5EA50BEF16CB32B702D7E8EB60E1; 34502ED3E5D360FBFBD1262DBA8C430B3D6C01FA22DB9B5D34FBA9A945FDA15D; 34B2B6779038E7AB432AB1C879E0E9C8366E03828FC8293C9211AAEDF3D2C140; 3CFF2CBD3DEDB404F1A89A04DB19A31CAB99867D0D2160C5A116545C8D4E8A3B; 48BD6C1A993666881ACA74E0A76B90AF962B6A4A95FB296631DB722F8CB01902; 4C8BFCEB008D24EB01074C38330AB46796426B91938CA804D4B8B11211648716; 62376A5F57D3A43C2DA9747586E650999C32D753B9E165FA755B3DEA1AF9FE8E; 63D21C555730625A1B333273C916623B1EE84126763A41FC3BB9893E9D5AB425; 6B823DCDFC5159853FC8CA069FD0FACFF6E8DDB7ACE93D1E7BB6FAD9D07C548B; 95CDD57710F88D2545ADC2FDA3050668914129A5A6C2FB7AB399485DF37234F2; 9D1320D5B2DA2CAC0A7AAD9AD1CE33786F6272332C4802F392876669F68025C8; A3D1143FBB47F7F66054E5B83120D1B2CB416BF148A78D54CCB20DC375D768B2; A5293EFA7EAC336454537411469405609F8F268910B8E67E3C7D309A0AB5A12F; AAEA8A2C1D014415B6A477FED8E06A761AFFB75FB9AE26814AEA49961273B0BE; ADD281AC7AF7F81605EBE1AE9EF52E37483E926F392545680359AA2C4920A8CB; BDBB58D5FF200C305506C127789A5416077E9A4847AA5A1E8BEC01D00F68C17B; BEAF74FEAD97D3DE2B105B5B3973C2C3967C84CB34D328BA3183DFA8F944E25F; C41B57D14CE7DF2E4E401C87AEA0F56944925D8E7385C9ACB0CF752E70AB02A7; C6D0A8E3348101A9C424AE8A0524FB65E267BF7B03BF490E7E54A96545FBA746; C9AF86678E790FBFF64B74B34AE6300A8FB02532E2C83A8A934311346714744F; DB755B49E31CF9F15B050661086173BF632CC20E614B8B44A518514B798FF26C; DCB0CD13B9A2193518FA34AA302F3290D114C07626FF72211187F6C8A24FB7D0; E31840A2DB76732FC778FD41DFFAD31B87295AE7906B15F6C5FD218D4E0C29DD; E6D5877819688BC301CE25DF6236864990A5FB6F05C4055C11428E267406A1BC","thread_id=2e394315-7795-4b6e-bd8c-ac5179e59946"
"convert-chat-thread","00 ZETTELKASTEN\INBOX\aichatbackup-2026-05-23 (1).json","00 ZETTELKASTEN\10 CHAT ARCHIVE\chat.archive.directory.structure.and.ui.primitives.311360f1.md","","reference","generated","048579E63CC2812400E109CEE18A35EDEBEF0789773E8FC528BB7919AF54ABE7; 0A5FF8FEC6282991C7E56791764AD04181CDB688A4E86507757423706B6300D3; 0AFCBEAC0C6571F9FE6D70FA88334F13E2FB8A19DD72DDDF4DE600AA2296B495; 23EBC0A6FA5838618512C0C6560CC17C0E2D5EA50BEF16CB32B702D7E8EB60E1; 34502ED3E5D360FBFBD1262DBA8C430B3D6C01FA22DB9B5D34FBA9A945FDA15D; 34B2B6779038E7AB432AB1C879E0E9C8366E03828FC8293C9211AAEDF3D2C140; 3CFF2CBD3DEDB404F1A89A04DB19A31CAB99867D0D2160C5A116545C8D4E8A3B; 48BD6C1A993666881ACA74E0A76B90AF962B6A4A95FB296631DB722F8CB01902; 4C8BFCEB008D24EB01074C38330AB46796426B91938CA804D4B8B11211648716; 62376A5F57D3A43C2DA9747586E650999C32D753B9E165FA755B3DEA1AF9FE8E; 63D21C555730625A1B333273C916623B1EE84126763A41FC3BB9893E9D5AB425; 6B823DCDFC5159853FC8CA069FD0FACFF6E8DDB7ACE93D1E7BB6FAD9D07C548B; 95CDD57710F88D2545ADC2FDA3050668914129A5A6C2FB7AB399485DF37234F2; 9D1320D5B2DA2CAC0A7AAD9AD1CE33786F6272332C4802F392876669F68025C8; A3D1143FBB47F7F66054E5B83120D1B2CB416BF148A78D54CCB20DC375D768B2; A5293EFA7EAC336454537411469405609F8F268910B8E67E3C7D309A0AB5A12F; AAEA8A2C1D014415B6A477FED8E06A761AFFB75FB9AE26814AEA49961273B0BE; ADD281AC7AF7F81605EBE1AE9EF52E37483E926F392545680359AA2C4920A8CB; BDBB58D5FF200C305506C127789A5416077E9A4847AA5A1E8BEC01D00F68C17B; BEAF74FEAD97D3DE2B105B5B3973C2C3967C84CB34D328BA3183DFA8F944E25F; C41B57D14CE7DF2E4E401C87AEA0F56944925D8E7385C9ACB0CF752E70AB02A7; C6D0A8E3348101A9C424AE8A0524FB65E267BF7B03BF490E7E54A96545FBA746; C9AF86678E790FBFF64B74B34AE6300A8FB02532E2C83A8A934311346714744F; DB755B49E31CF9F15B050661086173BF632CC20E614B8B44A518514B798FF26C; DCB0CD13B9A2193518FA34AA302F3290D114C07626FF72211187F6C8A24FB7D0; E31840A2DB76732FC778FD41DFFAD31B87295AE7906B15F6C5FD218D4E0C29DD; E6D5877819688BC301CE25DF6236864990A5FB6F05C4055C11428E267406A1BC","thread_id=311360f1-f695-4351-a88a-a4c44f12b9f2"
"convert-chat-thread","00 ZETTELKASTEN\INBOX\aichatbackup-2026-05-23 (1).json","00 ZETTELKASTEN\10 CHAT ARCHIVE\chat.archive.burnout.anthem.rewritten.3453f8ad.md","","reference","generated","048579E63CC2812400E109CEE18A35EDEBEF0789773E8FC528BB7919AF54ABE7; 0A5FF8FEC6282991C7E56791764AD04181CDB688A4E86507757423706B6300D3; 0AFCBEAC0C6571F9FE6D70FA88334F13E2FB8A19DD72DDDF4DE600AA2296B495; 23EBC0A6FA5838618512C0C6560CC17C0E2D5EA50BEF16CB32B702D7E8EB60E1; 34502ED3E5D360FBFBD1262DBA8C430B3D6C01FA22DB9B5D34FBA9A945FDA15D; 34B2B6779038E7AB432AB1C879E0E9C8366E03828FC8293C9211AAEDF3D2C140; 3CFF2CBD3DEDB404F1A89A04DB19A31CAB99867D0D2160C5A116545C8D4E8A3B; 48BD6C1A993666881ACA74E0A76B90AF962B6A4A95FB296631DB722F8CB01902; 4C8BFCEB008D24EB01074C38330AB46796426B91938CA804D4B8B11211648716; 62376A5F57D3A43C2DA9747586E650999C32D753B9E165FA755B3DEA1AF9FE8E; 63D21C555730625A1B333273C916623B1EE84126763A41FC3BB9893E9D5AB425; 6B823DCDFC5159853FC8CA069FD0FACFF6E8DDB7ACE93D1E7BB6FAD9D07C548B; 95CDD57710F88D2545ADC2FDA3050668914129A5A6C2FB7AB399485DF37234F2; 9D1320D5B2DA2CAC0A7AAD9AD1CE33786F6272332C4802F392876669F68025C8; A3D1143FBB47F7F66054E5B83120D1B2CB416BF148A78D54CCB20DC375D768B2; A5293EFA7EAC336454537411469405609F8F268910B8E67E3C7D309A0AB5A12F; AAEA8A2C1D014415B6A477FED8E06A761AFFB75FB9AE26814AEA49961273B0BE; ADD281AC7AF7F81605EBE1AE9EF52E37483E926F392545680359AA2C4920A8CB; BDBB58D5FF200C305506C127789A5416077E9A4847AA5A1E8BEC01D00F68C17B; BEAF74FEAD97D3DE2B105B5B3973C2C3967C84CB34D328BA3183DFA8F944E25F; C41B57D14CE7DF2E4E401C87AEA0F56944925D8E7385C9ACB0CF752E70AB02A7; C6D0A8E3348101A9C424AE8A0524FB65E267BF7B03BF490E7E54A96545FBA746; C9AF86678E790FBFF64B74B34AE6300A8FB02532E2C83A8A934311346714744F; DB755B49E31CF9F15B050661086173BF632CC20E614B8B44A518514B798FF26C; DCB0CD13B9A2193518FA34AA302F3290D114C07626FF72211187F6C8A24FB7D0; E31840A2DB76732FC778FD41DFFAD31B87295AE7906B15F6C5FD218D4E0C29DD; E6D5877819688BC301CE25DF6236864990A5FB6F05C4055C11428E267406A1BC","thread_id=3453f8ad-fa7a-4239-b3f5-4c6740da444a"
"convert-chat-thread","00 ZETTELKASTEN\INBOX\aichatbackup-2026-05-23 (1).json","00 ZETTELKASTEN\10 CHAT ARCHIVE\chat.archive.three.row.layout.3dfb3b15.md","","reference","generated","048579E63CC2812400E109CEE18A35EDEBEF0789773E8FC528BB7919AF54ABE7; 0A5FF8FEC6282991C7E56791764AD04181CDB688A4E86507757423706B6300D3; 0AFCBEAC0C6571F9FE6D70FA88334F13E2FB8A19DD72DDDF4DE600AA2296B495; 23EBC0A6FA5838618512C0C6560CC17C0E2D5EA50BEF16CB32B702D7E8EB60E1; 34502ED3E5D360FBFBD1262DBA8C430B3D6C01FA22DB9B5D34FBA9A945FDA15D; 34B2B6779038E7AB432AB1C879E0E9C8366E03828FC8293C9211AAEDF3D2C140; 3CFF2CBD3DEDB404F1A89A04DB19A31CAB99867D0D2160C5A116545C8D4E8A3B; 48BD6C1A993666881ACA74E0A76B90AF962B6A4A95FB296631DB722F8CB01902; 4C8BFCEB008D24EB01074C38330AB46796426B91938CA804D4B8B11211648716; 62376A5F57D3A43C2DA9747586E650999C32D753B9E165FA755B3DEA1AF9FE8E; 63D21C555730625A1B333273C916623B1EE84126763A41FC3BB9893E9D5AB425; 6B823DCDFC5159853FC8CA069FD0FACFF6E8DDB7ACE93D1E7BB6FAD9D07C548B; 95CDD57710F88D2545ADC2FDA3050668914129A5A6C2FB7AB399485DF37234F2; 9D1320D5B2DA2CAC0A7AAD9AD1CE33786F6272332C4802F392876669F68025C8; A3D1143FBB47F7F66054E5B83120D1B2CB416BF148A78D54CCB20DC375D768B2; A5293EFA7EAC336454537411469405609F8F268910B8E67E3C7D309A0AB5A12F; AAEA8A2C1D014415B6A477FED8E06A761AFFB75FB9AE26814AEA49961273B0BE; ADD281AC7AF7F81605EBE1AE9EF52E37483E926F392545680359AA2C4920A8CB; BDBB58D5FF200C305506C127789A5416077E9A4847AA5A1E8BEC01D00F68C17B; BEAF74FEAD97D3DE2B105B5B3973C2C3967C84CB34D328BA3183DFA8F944E25F; C41B57D14CE7DF2E4E401C87AEA0F56944925D8E7385C9ACB0CF752E70AB02A7; C6D0A8E3348101A9C424AE8A0524FB65E267BF7B03BF490E7E54A96545FBA746; C9AF86678E790FBFF64B74B34AE6300A8FB02532E2C83A8A934311346714744F; DB755B49E31CF9F15B050661086173BF632CC20E614B8B44A518514B798FF26C; DCB0CD13B9A2193518FA34AA302F3290D114C07626FF72211187F6C8A24FB7D0; E31840A2DB76732FC778FD41DFFAD31B87295AE7906B15F6C5FD218D4E0C29DD; E6D5877819688BC301CE25DF6236864990A5FB6F05C4055C11428E267406A1BC","thread_id=3dfb3b15-2fe2-4acd-92fc-cdd7d3fc1871"
"convert-chat-thread","00 ZETTELKASTEN\INBOX\aichatbackup-2026-05-23 (1).json","00 ZETTELKASTEN\10 CHAT ARCHIVE\chat.archive.vouch.design.system.57a40a20.md","","reference","generated","048579E63CC2812400E109CEE18A35EDEBEF0789773E8FC528BB7919AF54ABE7; 0A5FF8FEC6282991C7E56791764AD04181CDB688A4E86507757423706B6300D3; 0AFCBEAC0C6571F9FE6D70FA88334F13E2FB8A19DD72DDDF4DE600AA2296B495; 23EBC0A6FA5838618512C0C6560CC17C0E2D5EA50BEF16CB32B702D7E8EB60E1; 34502ED3E5D360FBFBD1262DBA8C430B3D6C01FA22DB9B5D34FBA9A945FDA15D; 34B2B6779038E7AB432AB1C879E0E9C8366E03828FC8293C9211AAEDF3D2C140; 3CFF2CBD3DEDB404F1A89A04DB19A31CAB99867D0D2160C5A116545C8D4E8A3B; 48BD6C1A993666881ACA74E0A76B90AF962B6A4A95FB296631DB722F8CB01902; 4C8BFCEB008D24EB01074C38330AB46796426B91938CA804D4B8B11211648716; 62376A5F57D3A43C2DA9747586E650999C32D753B9E165FA755B3DEA1AF9FE8E; 63D21C555730625A1B333273C916623B1EE84126763A41FC3BB9893E9D5AB425; 6B823DCDFC5159853FC8CA069FD0FACFF6E8DDB7ACE93D1E7BB6FAD9D07C548B; 95CDD57710F88D2545ADC2FDA3050668914129A5A6C2FB7AB399485DF37234F2; 9D1320D5B2DA2CAC0A7AAD9AD1CE33786F6272332C4802F392876669F68025C8; A3D1143FBB47F7F66054E5B83120D1B2CB416BF148A78D54CCB20DC375D768B2; A5293EFA7EAC336454537411469405609F8F268910B8E67E3C7D309A0AB5A12F; AAEA8A2C1D014415B6A477FED8E06A761AFFB75FB9AE26814AEA49961273B0BE; ADD281AC7AF7F81605EBE1AE9EF52E37483E926F392545680359AA2C4920A8CB; BDBB58D5FF200C305506C127789A5416077E9A4847AA5A1E8BEC01D00F68C17B; BEAF74FEAD97D3DE2B105B5B3973C2C3967C84CB34D328BA3183DFA8F944E25F; C41B57D14CE7DF2E4E401C87AEA0F56944925D8E7385C9ACB0CF752E70AB02A7; C6D0A8E3348101A9C424AE8A0524FB65E267BF7B03BF490E7E54A96545FBA746; C9AF86678E790FBFF64B74B34AE6300A8FB02532E2C83A8A934311346714744F; DB755B49E31CF9F15B050661086173BF632CC20E614B8B44A518514B798FF26C; DCB0CD13B9A2193518FA34AA302F3290D114C07626FF72211187F6C8A24FB7D0; E31840A2DB76732FC778FD41DFFAD31B87295AE7906B15F6C5FD218D4E0C29DD; E6D5877819688BC301CE25DF6236864990A5FB6F05C4055C11428E267406A1BC","thread_id=57a40a20-05ae-4c92-8e7b-3fc3235ab2ff"
"convert-chat-thread","00 ZETTELKASTEN\INBOX\aichatbackup-2026-05-23 (1).json","00 ZETTELKASTEN\10 CHAT ARCHIVE\chat.archive.internet.abyss.and.programming.6362ece5.md","","reference","generated","048579E63CC2812400E109CEE18A35EDEBEF0789773E8FC528BB7919AF54ABE7; 0A5FF8FEC6282991C7E56791764AD04181CDB688A4E86507757423706B6300D3; 0AFCBEAC0C6571F9FE6D70FA88334F13E2FB8A19DD72DDDF4DE600AA2296B495; 23EBC0A6FA5838618512C0C6560CC17C0E2D5EA50BEF16CB32B702D7E8EB60E1; 34502ED3E5D360FBFBD1262DBA8C430B3D6C01FA22DB9B5D34FBA9A945FDA15D; 34B2B6779038E7AB432AB1C879E0E9C8366E03828FC8293C9211AAEDF3D2C140; 3CFF2CBD3DEDB404F1A89A04DB19A31CAB99867D0D2160C5A116545C8D4E8A3B; 48BD6C1A993666881ACA74E0A76B90AF962B6A4A95FB296631DB722F8CB01902; 4C8BFCEB008D24EB01074C38330AB46796426B91938CA804D4B8B11211648716; 62376A5F57D3A43C2DA9747586E650999C32D753B9E165FA755B3DEA1AF9FE8E; 63D21C555730625A1B333273C916623B1EE84126763A41FC3BB9893E9D5AB425; 6B823DCDFC5159853FC8CA069FD0FACFF6E8DDB7ACE93D1E7BB6FAD9D07C548B; 95CDD57710F88D2545ADC2FDA3050668914129A5A6C2FB7AB399485DF37234F2; 9D1320D5B2DA2CAC0A7AAD9AD1CE33786F6272332C4802F392876669F68025C8; A3D1143FBB47F7F66054E5B83120D1B2CB416BF148A78D54CCB20DC375D768B2; A5293EFA7EAC336454537411469405609F8F268910B8E67E3C7D309A0AB5A12F; AAEA8A2C1D014415B6A477FED8E06A761AFFB75FB9AE26814AEA49961273B0BE; ADD281AC7AF7F81605EBE1AE9EF52E37483E926F392545680359AA2C4920A8CB; BDBB58D5FF200C305506C127789A5416077E9A4847AA5A1E8BEC01D00F68C17B; BEAF74FEAD97D3DE2B105B5B3973C2C3967C84CB34D328BA3183DFA8F944E25F; C41B57D14CE7DF2E4E401C87AEA0F56944925D8E7385C9ACB0CF752E70AB02A7; C6D0A8E3348101A9C424AE8A0524FB65E267BF7B03BF490E7E54A96545FBA746; C9AF86678E790FBFF64B74B34AE6300A8FB02532E2C83A8A934311346714744F; DB755B49E31CF9F15B050661086173BF632CC20E614B8B44A518514B798FF26C; DCB0CD13B9A2193518FA34AA302F3290D114C07626FF72211187F6C8A24FB7D0; E31840A2DB76732FC778FD41DFFAD31B87295AE7906B15F6C5FD218D4E0C29DD; E6D5877819688BC301CE25DF6236864990A5FB6F05C4055C11428E267406A1BC","thread_id=6362ece5-f23b-4781-a588-188dc23758ef"
"convert-chat-thread","00 ZETTELKASTEN\INBOX\aichatbackup-2026-05-23 (1).json","00 ZETTELKASTEN\10 CHAT ARCHIVE\chat.archive.late.night.surveillance.thoughts.63e39357.md","","reference","generated","048579E63CC2812400E109CEE18A35EDEBEF0789773E8FC528BB7919AF54ABE7; 0A5FF8FEC6282991C7E56791764AD04181CDB688A4E86507757423706B6300D3; 0AFCBEAC0C6571F9FE6D70FA88334F13E2FB8A19DD72DDDF4DE600AA2296B495; 23EBC0A6FA5838618512C0C6560CC17C0E2D5EA50BEF16CB32B702D7E8EB60E1; 34502ED3E5D360FBFBD1262DBA8C430B3D6C01FA22DB9B5D34FBA9A945FDA15D; 34B2B6779038E7AB432AB1C879E0E9C8366E03828FC8293C9211AAEDF3D2C140; 3CFF2CBD3DEDB404F1A89A04DB19A31CAB99867D0D2160C5A116545C8D4E8A3B; 48BD6C1A993666881ACA74E0A76B90AF962B6A4A95FB296631DB722F8CB01902; 4C8BFCEB008D24EB01074C38330AB46796426B91938CA804D4B8B11211648716; 62376A5F57D3A43C2DA9747586E650999C32D753B9E165FA755B3DEA1AF9FE8E; 63D21C555730625A1B333273C916623B1EE84126763A41FC3BB9893E9D5AB425; 6B823DCDFC5159853FC8CA069FD0FACFF6E8DDB7ACE93D1E7BB6FAD9D07C548B; 95CDD57710F88D2545ADC2FDA3050668914129A5A6C2FB7AB399485DF37234F2; 9D1320D5B2DA2CAC0A7AAD9AD1CE33786F6272332C4802F392876669F68025C8; A3D1143FBB47F7F66054E5B83120D1B2CB416BF148A78D54CCB20DC375D768B2; A5293EFA7EAC336454537411469405609F8F268910B8E67E3C7D309A0AB5A12F; AAEA8A2C1D014415B6A477FED8E06A761AFFB75FB9AE26814AEA49961273B0BE; ADD281AC7AF7F81605EBE1AE9EF52E37483E926F392545680359AA2C4920A8CB; BDBB58D5FF200C305506C127789A5416077E9A4847AA5A1E8BEC01D00F68C17B; BEAF74FEAD97D3DE2B105B5B3973C2C3967C84CB34D328BA3183DFA8F944E25F; C41B57D14CE7DF2E4E401C87AEA0F56944925D8E7385C9ACB0CF752E70AB02A7; C6D0A8E3348101A9C424AE8A0524FB65E267BF7B03BF490E7E54A96545FBA746; C9AF86678E790FBFF64B74B34AE6300A8FB02532E2C83A8A934311346714744F; DB755B49E31CF9F15B050661086173BF632CC20E614B8B44A518514B798FF26C; DCB0CD13B9A2193518FA34AA302F3290D114C07626FF72211187F6C8A24FB7D0; E31840A2DB76732FC778FD41DFFAD31B87295AE7906B15F6C5FD218D4E0C29DD; E6D5877819688BC301CE25DF6236864990A5FB6F05C4055C11428E267406A1BC","thread_id=63e39357-dfce-4e2d-aabc-a68a9253f932"
"convert-chat-thread","00 ZETTELKASTEN\INBOX\aichatbackup-2026-05-23 (1).json","00 ZETTELKASTEN\10 CHAT ARCHIVE\chat.archive.codex.sandbox.update.issue.649c2c91.md","","reference","generated","048579E63CC2812400E109CEE18A35EDEBEF0789773E8FC528BB7919AF54ABE7; 0A5FF8FEC6282991C7E56791764AD04181CDB688A4E86507757423706B6300D3; 0AFCBEAC0C6571F9FE6D70FA88334F13E2FB8A19DD72DDDF4DE600AA2296B495; 23EBC0A6FA5838618512C0C6560CC17C0E2D5EA50BEF16CB32B702D7E8EB60E1; 34502ED3E5D360FBFBD1262DBA8C430B3D6C01FA22DB9B5D34FBA9A945FDA15D; 34B2B6779038E7AB432AB1C879E0E9C8366E03828FC8293C9211AAEDF3D2C140; 3CFF2CBD3DEDB404F1A89A04DB19A31CAB99867D0D2160C5A116545C8D4E8A3B; 48BD6C1A993666881ACA74E0A76B90AF962B6A4A95FB296631DB722F8CB01902; 4C8BFCEB008D24EB01074C38330AB46796426B91938CA804D4B8B11211648716; 62376A5F57D3A43C2DA9747586E650999C32D753B9E165FA755B3DEA1AF9FE8E; 63D21C555730625A1B333273C916623B1EE84126763A41FC3BB9893E9D5AB425; 6B823DCDFC5159853FC8CA069FD0FACFF6E8DDB7ACE93D1E7BB6FAD9D07C548B; 95CDD57710F88D2545ADC2FDA3050668914129A5A6C2FB7AB399485DF37234F2; 9D1320D5B2DA2CAC0A7AAD9AD1CE33786F6272332C4802F392876669F68025C8; A3D1143FBB47F7F66054E5B83120D1B2CB416BF148A78D54CCB20DC375D768B2; A5293EFA7EAC336454537411469405609F8F268910B8E67E3C7D309A0AB5A12F; AAEA8A2C1D014415B6A477FED8E06A761AFFB75FB9AE26814AEA49961273B0BE; ADD281AC7AF7F81605EBE1AE9EF52E37483E926F392545680359AA2C4920A8CB; BDBB58D5FF200C305506C127789A5416077E9A4847AA5A1E8BEC01D00F68C17B; BEAF74FEAD97D3DE2B105B5B3973C2C3967C84CB34D328BA3183DFA8F944E25F; C41B57D14CE7DF2E4E401C87AEA0F56944925D8E7385C9ACB0CF752E70AB02A7; C6D0A8E3348101A9C424AE8A0524FB65E267BF7B03BF490E7E54A96545FBA746; C9AF86678E790FBFF64B74B34AE6300A8FB02532E2C83A8A934311346714744F; DB755B49E31CF9F15B050661086173BF632CC20E614B8B44A518514B798FF26C; DCB0CD13B9A2193518FA34AA302F3290D114C07626FF72211187F6C8A24FB7D0; E31840A2DB76732FC778FD41DFFAD31B87295AE7906B15F6C5FD218D4E0C29DD; E6D5877819688BC301CE25DF6236864990A5FB6F05C4055C11428E267406A1BC","thread_id=649c2c91-34e1-44de-b52a-7a2e5614af84"
"convert-chat-thread","00 ZETTELKASTEN\INBOX\aichatbackup-2026-05-23 (1).json","00 ZETTELKASTEN\10 CHAT ARCHIVE\chat.archive.project.file.list.6e874caa.md","","reference","generated","048579E63CC2812400E109CEE18A35EDEBEF0789773E8FC528BB7919AF54ABE7; 0A5FF8FEC6282991C7E56791764AD04181CDB688A4E86507757423706B6300D3; 0AFCBEAC0C6571F9FE6D70FA88334F13E2FB8A19DD72DDDF4DE600AA2296B495; 23EBC0A6FA5838618512C0C6560CC17C0E2D5EA50BEF16CB32B702D7E8EB60E1; 34502ED3E5D360FBFBD1262DBA8C430B3D6C01FA22DB9B5D34FBA9A945FDA15D; 34B2B6779038E7AB432AB1C879E0E9C8366E03828FC8293C9211AAEDF3D2C140; 3CFF2CBD3DEDB404F1A89A04DB19A31CAB99867D0D2160C5A116545C8D4E8A3B; 48BD6C1A993666881ACA74E0A76B90AF962B6A4A95FB296631DB722F8CB01902; 4C8BFCEB008D24EB01074C38330AB46796426B91938CA804D4B8B11211648716; 62376A5F57D3A43C2DA9747586E650999C32D753B9E165FA755B3DEA1AF9FE8E; 63D21C555730625A1B333273C916623B1EE84126763A41FC3BB9893E9D5AB425; 6B823DCDFC5159853FC8CA069FD0FACFF6E8DDB7ACE93D1E7BB6FAD9D07C548B; 95CDD57710F88D2545ADC2FDA3050668914129A5A6C2FB7AB399485DF37234F2; 9D1320D5B2DA2CAC0A7AAD9AD1CE33786F6272332C4802F392876669F68025C8; A3D1143FBB47F7F66054E5B83120D1B2CB416BF148A78D54CCB20DC375D768B2; A5293EFA7EAC336454537411469405609F8F268910B8E67E3C7D309A0AB5A12F; AAEA8A2C1D014415B6A477FED8E06A761AFFB75FB9AE26814AEA49961273B0BE; ADD281AC7AF7F81605EBE1AE9EF52E37483E926F392545680359AA2C4920A8CB; BDBB58D5FF200C305506C127789A5416077E9A4847AA5A1E8BEC01D00F68C17B; BEAF74FEAD97D3DE2B105B5B3973C2C3967C84CB34D328BA3183DFA8F944E25F; C41B57D14CE7DF2E4E401C87AEA0F56944925D8E7385C9ACB0CF752E70AB02A7; C6D0A8E3348101A9C424AE8A0524FB65E267BF7B03BF490E7E54A96545FBA746; C9AF86678E790FBFF64B74B34AE6300A8FB02532E2C83A8A934311346714744F; DB755B49E31CF9F15B050661086173BF632CC20E614B8B44A518514B798FF26C; DCB0CD13B9A2193518FA34AA302F3290D114C07626FF72211187F6C8A24FB7D0; E31840A2DB76732FC778FD41DFFAD31B87295AE7906B15F6C5FD218D4E0C29DD; E6D5877819688BC301CE25DF6236864990A5FB6F05C4055C11428E267406A1BC","thread_id=6e874caa-2499-445f-84eb-a1cd65279614"
"convert-chat-thread","00 ZETTELKASTEN\INBOX\aichatbackup-2026-05-23 (1).json","00 ZETTELKASTEN\10 CHAT ARCHIVE\chat.archive.court.gesture.pipeline.72a39823.md","","reference","generated","048579E63CC2812400E109CEE18A35EDEBEF0789773E8FC528BB7919AF54ABE7; 0A5FF8FEC6282991C7E56791764AD04181CDB688A4E86507757423706B6300D3; 0AFCBEAC0C6571F9FE6D70FA88334F13E2FB8A19DD72DDDF4DE600AA2296B495; 23EBC0A6FA5838618512C0C6560CC17C0E2D5EA50BEF16CB32B702D7E8EB60E1; 34502ED3E5D360FBFBD1262DBA8C430B3D6C01FA22DB9B5D34FBA9A945FDA15D; 34B2B6779038E7AB432AB1C879E0E9C8366E03828FC8293C9211AAEDF3D2C140; 3CFF2CBD3DEDB404F1A89A04DB19A31CAB99867D0D2160C5A116545C8D4E8A3B; 48BD6C1A993666881ACA74E0A76B90AF962B6A4A95FB296631DB722F8CB01902; 4C8BFCEB008D24EB01074C38330AB46796426B91938CA804D4B8B11211648716; 62376A5F57D3A43C2DA9747586E650999C32D753B9E165FA755B3DEA1AF9FE8E; 63D21C555730625A1B333273C916623B1EE84126763A41FC3BB9893E9D5AB425; 6B823DCDFC5159853FC8CA069FD0FACFF6E8DDB7ACE93D1E7BB6FAD9D07C548B; 95CDD57710F88D2545ADC2FDA3050668914129A5A6C2FB7AB399485DF37234F2; 9D1320D5B2DA2CAC0A7AAD9AD1CE33786F6272332C4802F392876669F68025C8; A3D1143FBB47F7F66054E5B83120D1B2CB416BF148A78D54CCB20DC375D768B2; A5293EFA7EAC336454537411469405609F8F268910B8E67E3C7D309A0AB5A12F; AAEA8A2C1D014415B6A477FED8E06A761AFFB75FB9AE26814AEA49961273B0BE; ADD281AC7AF7F81605EBE1AE9EF52E37483E926F392545680359AA2C4920A8CB; BDBB58D5FF200C305506C127789A5416077E9A4847AA5A1E8BEC01D00F68C17B; BEAF74FEAD97D3DE2B105B5B3973C2C3967C84CB34D328BA3183DFA8F944E25F; C41B57D14CE7DF2E4E401C87AEA0F56944925D8E7385C9ACB0CF752E70AB02A7; C6D0A8E3348101A9C424AE8A0524FB65E267BF7B03BF490E7E54A96545FBA746; C9AF86678E790FBFF64B74B34AE6300A8FB02532E2C83A8A934311346714744F; DB755B49E31CF9F15B050661086173BF632CC20E614B8B44A518514B798FF26C; DCB0CD13B9A2193518FA34AA302F3290D114C07626FF72211187F6C8A24FB7D0; E31840A2DB76732FC778FD41DFFAD31B87295AE7906B15F6C5FD218D4E0C29DD; E6D5877819688BC301CE25DF6236864990A5FB6F05C4055C11428E267406A1BC","thread_id=72a39823-96fd-4ed1-8c33-328b9c90fbbf"
"convert-chat-thread","00 ZETTELKASTEN\INBOX\aichatbackup-2026-05-23 (1).json","00 ZETTELKASTEN\10 CHAT ARCHIVE\chat.archive.almost.making.it.74d04ce3.md","","reference","generated","048579E63CC2812400E109CEE18A35EDEBEF0789773E8FC528BB7919AF54ABE7; 0A5FF8FEC6282991C7E56791764AD04181CDB688A4E86507757423706B6300D3; 0AFCBEAC0C6571F9FE6D70FA88334F13E2FB8A19DD72DDDF4DE600AA2296B495; 23EBC0A6FA5838618512C0C6560CC17C0E2D5EA50BEF16CB32B702D7E8EB60E1; 34502ED3E5D360FBFBD1262DBA8C430B3D6C01FA22DB9B5D34FBA9A945FDA15D; 34B2B6779038E7AB432AB1C879E0E9C8366E03828FC8293C9211AAEDF3D2C140; 3CFF2CBD3DEDB404F1A89A04DB19A31CAB99867D0D2160C5A116545C8D4E8A3B; 48BD6C1A993666881ACA74E0A76B90AF962B6A4A95FB296631DB722F8CB01902; 4C8BFCEB008D24EB01074C38330AB46796426B91938CA804D4B8B11211648716; 62376A5F57D3A43C2DA9747586E650999C32D753B9E165FA755B3DEA1AF9FE8E; 63D21C555730625A1B333273C916623B1EE84126763A41FC3BB9893E9D5AB425; 6B823DCDFC5159853FC8CA069FD0FACFF6E8DDB7ACE93D1E7BB6FAD9D07C548B; 95CDD57710F88D2545ADC2FDA3050668914129A5A6C2FB7AB399485DF37234F2; 9D1320D5B2DA2CAC0A7AAD9AD1CE33786F6272332C4802F392876669F68025C8; A3D1143FBB47F7F66054E5B83120D1B2CB416BF148A78D54CCB20DC375D768B2; A5293EFA7EAC336454537411469405609F8F268910B8E67E3C7D309A0AB5A12F; AAEA8A2C1D014415B6A477FED8E06A761AFFB75FB9AE26814AEA49961273B0BE; ADD281AC7AF7F81605EBE1AE9EF52E37483E926F392545680359AA2C4920A8CB; BDBB58D5FF200C305506C127789A5416077E9A4847AA5A1E8BEC01D00F68C17B; BEAF74FEAD97D3DE2B105B5B3973C2C3967C84CB34D328BA3183DFA8F944E25F; C41B57D14CE7DF2E4E401C87AEA0F56944925D8E7385C9ACB0CF752E70AB02A7; C6D0A8E3348101A9C424AE8A0524FB65E267BF7B03BF490E7E54A96545FBA746; C9AF86678E790FBFF64B74B34AE6300A8FB02532E2C83A8A934311346714744F; DB755B49E31CF9F15B050661086173BF632CC20E614B8B44A518514B798FF26C; DCB0CD13B9A2193518FA34AA302F3290D114C07626FF72211187F6C8A24FB7D0; E31840A2DB76732FC778FD41DFFAD31B87295AE7906B15F6C5FD218D4E0C29DD; E6D5877819688BC301CE25DF6236864990A5FB6F05C4055C11428E267406A1BC","thread_id=74d04ce3-de26-48d7-b333-d558e26a451a"
"convert-chat-thread","00 ZETTELKASTEN\INBOX\aichatbackup-2026-05-23 (1).json","00 ZETTELKASTEN\10 CHAT ARCHIVE\chat.archive.motions.in.court.explained.7cd80d14.md","","reference","generated","048579E63CC2812400E109CEE18A35EDEBEF0789773E8FC528BB7919AF54ABE7; 0A5FF8FEC6282991C7E56791764AD04181CDB688A4E86507757423706B6300D3; 0AFCBEAC0C6571F9FE6D70FA88334F13E2FB8A19DD72DDDF4DE600AA2296B495; 23EBC0A6FA5838618512C0C6560CC17C0E2D5EA50BEF16CB32B702D7E8EB60E1; 34502ED3E5D360FBFBD1262DBA8C430B3D6C01FA22DB9B5D34FBA9A945FDA15D; 34B2B6779038E7AB432AB1C879E0E9C8366E03828FC8293C9211AAEDF3D2C140; 3CFF2CBD3DEDB404F1A89A04DB19A31CAB99867D0D2160C5A116545C8D4E8A3B; 48BD6C1A993666881ACA74E0A76B90AF962B6A4A95FB296631DB722F8CB01902; 4C8BFCEB008D24EB01074C38330AB46796426B91938CA804D4B8B11211648716; 62376A5F57D3A43C2DA9747586E650999C32D753B9E165FA755B3DEA1AF9FE8E; 63D21C555730625A1B333273C916623B1EE84126763A41FC3BB9893E9D5AB425; 6B823DCDFC5159853FC8CA069FD0FACFF6E8DDB7ACE93D1E7BB6FAD9D07C548B; 95CDD57710F88D2545ADC2FDA3050668914129A5A6C2FB7AB399485DF37234F2; 9D1320D5B2DA2CAC0A7AAD9AD1CE33786F6272332C4802F392876669F68025C8; A3D1143FBB47F7F66054E5B83120D1B2CB416BF148A78D54CCB20DC375D768B2; A5293EFA7EAC336454537411469405609F8F268910B8E67E3C7D309A0AB5A12F; AAEA8A2C1D014415B6A477FED8E06A761AFFB75FB9AE26814AEA49961273B0BE; ADD281AC7AF7F81605EBE1AE9EF52E37483E926F392545680359AA2C4920A8CB; BDBB58D5FF200C305506C127789A5416077E9A4847AA5A1E8BEC01D00F68C17B; BEAF74FEAD97D3DE2B105B5B3973C2C3967C84CB34D328BA3183DFA8F944E25F; C41B57D14CE7DF2E4E401C87AEA0F56944925D8E7385C9ACB0CF752E70AB02A7; C6D0A8E3348101A9C424AE8A0524FB65E267BF7B03BF490E7E54A96545FBA746; C9AF86678E790FBFF64B74B34AE6300A8FB02532E2C83A8A934311346714744F; DB755B49E31CF9F15B050661086173BF632CC20E614B8B44A518514B798FF26C; DCB0CD13B9A2193518FA34AA302F3290D114C07626FF72211187F6C8A24FB7D0; E31840A2DB76732FC778FD41DFFAD31B87295AE7906B15F6C5FD218D4E0C29DD; E6D5877819688BC301CE25DF6236864990A5FB6F05C4055C11428E267406A1BC","thread_id=7cd80d14-e0b0-471c-bc5c-759d8f1dfee9"
"convert-chat-thread","00 ZETTELKASTEN\INBOX\aichatbackup-2026-05-23 (1).json","00 ZETTELKASTEN\10 CHAT ARCHIVE\chat.archive.frustration.with.algorithm.failures.927ba474.md","","reference","generated","048579E63CC2812400E109CEE18A35EDEBEF0789773E8FC528BB7919AF54ABE7; 0A5FF8FEC6282991C7E56791764AD04181CDB688A4E86507757423706B6300D3; 0AFCBEAC0C6571F9FE6D70FA88334F13E2FB8A19DD72DDDF4DE600AA2296B495; 23EBC0A6FA5838618512C0C6560CC17C0E2D5EA50BEF16CB32B702D7E8EB60E1; 34502ED3E5D360FBFBD1262DBA8C430B3D6C01FA22DB9B5D34FBA9A945FDA15D; 34B2B6779038E7AB432AB1C879E0E9C8366E03828FC8293C9211AAEDF3D2C140; 3CFF2CBD3DEDB404F1A89A04DB19A31CAB99867D0D2160C5A116545C8D4E8A3B; 48BD6C1A993666881ACA74E0A76B90AF962B6A4A95FB296631DB722F8CB01902; 4C8BFCEB008D24EB01074C38330AB46796426B91938CA804D4B8B11211648716; 62376A5F57D3A43C2DA9747586E650999C32D753B9E165FA755B3DEA1AF9FE8E; 63D21C555730625A1B333273C916623B1EE84126763A41FC3BB9893E9D5AB425; 6B823DCDFC5159853FC8CA069FD0FACFF6E8DDB7ACE93D1E7BB6FAD9D07C548B; 95CDD57710F88D2545ADC2FDA3050668914129A5A6C2FB7AB399485DF37234F2; 9D1320D5B2DA2CAC0A7AAD9AD1CE33786F6272332C4802F392876669F68025C8; A3D1143FBB47F7F66054E5B83120D1B2CB416BF148A78D54CCB20DC375D768B2; A5293EFA7EAC336454537411469405609F8F268910B8E67E3C7D309A0AB5A12F; AAEA8A2C1D014415B6A477FED8E06A761AFFB75FB9AE26814AEA49961273B0BE; ADD281AC7AF7F81605EBE1AE9EF52E37483E926F392545680359AA2C4920A8CB; BDBB58D5FF200C305506C127789A5416077E9A4847AA5A1E8BEC01D00F68C17B; BEAF74FEAD97D3DE2B105B5B3973C2C3967C84CB34D328BA3183DFA8F944E25F; C41B57D14CE7DF2E4E401C87AEA0F56944925D8E7385C9ACB0CF752E70AB02A7; C6D0A8E3348101A9C424AE8A0524FB65E267BF7B03BF490E7E54A96545FBA746; C9AF86678E790FBFF64B74B34AE6300A8FB02532E2C83A8A934311346714744F; DB755B49E31CF9F15B050661086173BF632CC20E614B8B44A518514B798FF26C; DCB0CD13B9A2193518FA34AA302F3290D114C07626FF72211187F6C8A24FB7D0; E31840A2DB76732FC778FD41DFFAD31B87295AE7906B15F6C5FD218D4E0C29DD; E6D5877819688BC301CE25DF6236864990A5FB6F05C4055C11428E267406A1BC","thread_id=927ba474-a10f-4076-840b-de6cc5f576ab"
"convert-chat-thread","00 ZETTELKASTEN\INBOX\aichatbackup-2026-05-23 (1).json","00 ZETTELKASTEN\10 CHAT ARCHIVE\chat.archive.docs.section.creation.a326206e.md","","reference","generated","048579E63CC2812400E109CEE18A35EDEBEF0789773E8FC528BB7919AF54ABE7; 0A5FF8FEC6282991C7E56791764AD04181CDB688A4E86507757423706B6300D3; 0AFCBEAC0C6571F9FE6D70FA88334F13E2FB8A19DD72DDDF4DE600AA2296B495; 23EBC0A6FA5838618512C0C6560CC17C0E2D5EA50BEF16CB32B702D7E8EB60E1; 34502ED3E5D360FBFBD1262DBA8C430B3D6C01FA22DB9B5D34FBA9A945FDA15D; 34B2B6779038E7AB432AB1C879E0E9C8366E03828FC8293C9211AAEDF3D2C140; 3CFF2CBD3DEDB404F1A89A04DB19A31CAB99867D0D2160C5A116545C8D4E8A3B; 48BD6C1A993666881ACA74E0A76B90AF962B6A4A95FB296631DB722F8CB01902; 4C8BFCEB008D24EB01074C38330AB46796426B91938CA804D4B8B11211648716; 62376A5F57D3A43C2DA9747586E650999C32D753B9E165FA755B3DEA1AF9FE8E; 63D21C555730625A1B333273C916623B1EE84126763A41FC3BB9893E9D5AB425; 6B823DCDFC5159853FC8CA069FD0FACFF6E8DDB7ACE93D1E7BB6FAD9D07C548B; 95CDD57710F88D2545ADC2FDA3050668914129A5A6C2FB7AB399485DF37234F2; 9D1320D5B2DA2CAC0A7AAD9AD1CE33786F6272332C4802F392876669F68025C8; A3D1143FBB47F7F66054E5B83120D1B2CB416BF148A78D54CCB20DC375D768B2; A5293EFA7EAC336454537411469405609F8F268910B8E67E3C7D309A0AB5A12F; AAEA8A2C1D014415B6A477FED8E06A761AFFB75FB9AE26814AEA49961273B0BE; ADD281AC7AF7F81605EBE1AE9EF52E37483E926F392545680359AA2C4920A8CB; BDBB58D5FF200C305506C127789A5416077E9A4847AA5A1E8BEC01D00F68C17B; BEAF74FEAD97D3DE2B105B5B3973C2C3967C84CB34D328BA3183DFA8F944E25F; C41B57D14CE7DF2E4E401C87AEA0F56944925D8E7385C9ACB0CF752E70AB02A7; C6D0A8E3348101A9C424AE8A0524FB65E267BF7B03BF490E7E54A96545FBA746; C9AF86678E790FBFF64B74B34AE6300A8FB02532E2C83A8A934311346714744F; DB755B49E31CF9F15B050661086173BF632CC20E614B8B44A518514B798FF26C; DCB0CD13B9A2193518FA34AA302F3290D114C07626FF72211187F6C8A24FB7D0; E31840A2DB76732FC778FD41DFFAD31B87295AE7906B15F6C5FD218D4E0C29DD; E6D5877819688BC301CE25DF6236864990A5FB6F05C4055C11428E267406A1BC","thread_id=a326206e-5b15-4221-93da-8f30568a89d3"
"convert-chat-thread","00 ZETTELKASTEN\INBOX\aichatbackup-2026-05-23 (1).json","00 ZETTELKASTEN\10 CHAT ARCHIVE\chat.archive.new.mexico.legal.help.acd25ade.md","","reference","generated","048579E63CC2812400E109CEE18A35EDEBEF0789773E8FC528BB7919AF54ABE7; 0A5FF8FEC6282991C7E56791764AD04181CDB688A4E86507757423706B6300D3; 0AFCBEAC0C6571F9FE6D70FA88334F13E2FB8A19DD72DDDF4DE600AA2296B495; 23EBC0A6FA5838618512C0C6560CC17C0E2D5EA50BEF16CB32B702D7E8EB60E1; 34502ED3E5D360FBFBD1262DBA8C430B3D6C01FA22DB9B5D34FBA9A945FDA15D; 34B2B6779038E7AB432AB1C879E0E9C8366E03828FC8293C9211AAEDF3D2C140; 3CFF2CBD3DEDB404F1A89A04DB19A31CAB99867D0D2160C5A116545C8D4E8A3B; 48BD6C1A993666881ACA74E0A76B90AF962B6A4A95FB296631DB722F8CB01902; 4C8BFCEB008D24EB01074C38330AB46796426B91938CA804D4B8B11211648716; 62376A5F57D3A43C2DA9747586E650999C32D753B9E165FA755B3DEA1AF9FE8E; 63D21C555730625A1B333273C916623B1EE84126763A41FC3BB9893E9D5AB425; 6B823DCDFC5159853FC8CA069FD0FACFF6E8DDB7ACE93D1E7BB6FAD9D07C548B; 95CDD57710F88D2545ADC2FDA3050668914129A5A6C2FB7AB399485DF37234F2; 9D1320D5B2DA2CAC0A7AAD9AD1CE33786F6272332C4802F392876669F68025C8; A3D1143FBB47F7F66054E5B83120D1B2CB416BF148A78D54CCB20DC375D768B2; A5293EFA7EAC336454537411469405609F8F268910B8E67E3C7D309A0AB5A12F; AAEA8A2C1D014415B6A477FED8E06A761AFFB75FB9AE26814AEA49961273B0BE; ADD281AC7AF7F81605EBE1AE9EF52E37483E926F392545680359AA2C4920A8CB; BDBB58D5FF200C305506C127789A5416077E9A4847AA5A1E8BEC01D00F68C17B; BEAF74FEAD97D3DE2B105B5B3973C2C3967C84CB34D328BA3183DFA8F944E25F; C41B57D14CE7DF2E4E401C87AEA0F56944925D8E7385C9ACB0CF752E70AB02A7; C6D0A8E3348101A9C424AE8A0524FB65E267BF7B03BF490E7E54A96545FBA746; C9AF86678E790FBFF64B74B34AE6300A8FB02532E2C83A8A934311346714744F; DB755B49E31CF9F15B050661086173BF632CC20E614B8B44A518514B798FF26C; DCB0CD13B9A2193518FA34AA302F3290D114C07626FF72211187F6C8A24FB7D0; E31840A2DB76732FC778FD41DFFAD31B87295AE7906B15F6C5FD218D4E0C29DD; E6D5877819688BC301CE25DF6236864990A5FB6F05C4055C11428E267406A1BC","thread_id=acd25ade-0acc-45c6-b43e-3d0903a5fafc"
"convert-chat-thread","00 ZETTELKASTEN\INBOX\aichatbackup-2026-05-23 (1).json","00 ZETTELKASTEN\10 CHAT ARCHIVE\chat.archive.branch.late.night.surveillance.thoughts.b743d13b.md","","reference","generated","048579E63CC2812400E109CEE18A35EDEBEF0789773E8FC528BB7919AF54ABE7; 0A5FF8FEC6282991C7E56791764AD04181CDB688A4E86507757423706B6300D3; 0AFCBEAC0C6571F9FE6D70FA88334F13E2FB8A19DD72DDDF4DE600AA2296B495; 23EBC0A6FA5838618512C0C6560CC17C0E2D5EA50BEF16CB32B702D7E8EB60E1; 34502ED3E5D360FBFBD1262DBA8C430B3D6C01FA22DB9B5D34FBA9A945FDA15D; 34B2B6779038E7AB432AB1C879E0E9C8366E03828FC8293C9211AAEDF3D2C140; 3CFF2CBD3DEDB404F1A89A04DB19A31CAB99867D0D2160C5A116545C8D4E8A3B; 48BD6C1A993666881ACA74E0A76B90AF962B6A4A95FB296631DB722F8CB01902; 4C8BFCEB008D24EB01074C38330AB46796426B91938CA804D4B8B11211648716; 62376A5F57D3A43C2DA9747586E650999C32D753B9E165FA755B3DEA1AF9FE8E; 63D21C555730625A1B333273C916623B1EE84126763A41FC3BB9893E9D5AB425; 6B823DCDFC5159853FC8CA069FD0FACFF6E8DDB7ACE93D1E7BB6FAD9D07C548B; 95CDD57710F88D2545ADC2FDA3050668914129A5A6C2FB7AB399485DF37234F2; 9D1320D5B2DA2CAC0A7AAD9AD1CE33786F6272332C4802F392876669F68025C8; A3D1143FBB47F7F66054E5B83120D1B2CB416BF148A78D54CCB20DC375D768B2; A5293EFA7EAC336454537411469405609F8F268910B8E67E3C7D309A0AB5A12F; AAEA8A2C1D014415B6A477FED8E06A761AFFB75FB9AE26814AEA49961273B0BE; ADD281AC7AF7F81605EBE1AE9EF52E37483E926F392545680359AA2C4920A8CB; BDBB58D5FF200C305506C127789A5416077E9A4847AA5A1E8BEC01D00F68C17B; BEAF74FEAD97D3DE2B105B5B3973C2C3967C84CB34D328BA3183DFA8F944E25F; C41B57D14CE7DF2E4E401C87AEA0F56944925D8E7385C9ACB0CF752E70AB02A7; C6D0A8E3348101A9C424AE8A0524FB65E267BF7B03BF490E7E54A96545FBA746; C9AF86678E790FBFF64B74B34AE6300A8FB02532E2C83A8A934311346714744F; DB755B49E31CF9F15B050661086173BF632CC20E614B8B44A518514B798FF26C; DCB0CD13B9A2193518FA34AA302F3290D114C07626FF72211187F6C8A24FB7D0; E31840A2DB76732FC778FD41DFFAD31B87295AE7906B15F6C5FD218D4E0C29DD; E6D5877819688BC301CE25DF6236864990A5FB6F05C4055C11428E267406A1BC","thread_id=b743d13b-6b26-4e78-8845-f0847fede1a5"
"convert-chat-thread","00 ZETTELKASTEN\INBOX\aichatbackup-2026-05-23 (1).json","00 ZETTELKASTEN\10 CHAT ARCHIVE\chat.archive.frustration.with.reconciliation.bf1d5b02.md","","reference","generated","048579E63CC2812400E109CEE18A35EDEBEF0789773E8FC528BB7919AF54ABE7; 0A5FF8FEC6282991C7E56791764AD04181CDB688A4E86507757423706B6300D3; 0AFCBEAC0C6571F9FE6D70FA88334F13E2FB8A19DD72DDDF4DE600AA2296B495; 23EBC0A6FA5838618512C0C6560CC17C0E2D5EA50BEF16CB32B702D7E8EB60E1; 34502ED3E5D360FBFBD1262DBA8C430B3D6C01FA22DB9B5D34FBA9A945FDA15D; 34B2B6779038E7AB432AB1C879E0E9C8366E03828FC8293C9211AAEDF3D2C140; 3CFF2CBD3DEDB404F1A89A04DB19A31CAB99867D0D2160C5A116545C8D4E8A3B; 48BD6C1A993666881ACA74E0A76B90AF962B6A4A95FB296631DB722F8CB01902; 4C8BFCEB008D24EB01074C38330AB46796426B91938CA804D4B8B11211648716; 62376A5F57D3A43C2DA9747586E650999C32D753B9E165FA755B3DEA1AF9FE8E; 63D21C555730625A1B333273C916623B1EE84126763A41FC3BB9893E9D5AB425; 6B823DCDFC5159853FC8CA069FD0FACFF6E8DDB7ACE93D1E7BB6FAD9D07C548B; 95CDD57710F88D2545ADC2FDA3050668914129A5A6C2FB7AB399485DF37234F2; 9D1320D5B2DA2CAC0A7AAD9AD1CE33786F6272332C4802F392876669F68025C8; A3D1143FBB47F7F66054E5B83120D1B2CB416BF148A78D54CCB20DC375D768B2; A5293EFA7EAC336454537411469405609F8F268910B8E67E3C7D309A0AB5A12F; AAEA8A2C1D014415B6A477FED8E06A761AFFB75FB9AE26814AEA49961273B0BE; ADD281AC7AF7F81605EBE1AE9EF52E37483E926F392545680359AA2C4920A8CB; BDBB58D5FF200C305506C127789A5416077E9A4847AA5A1E8BEC01D00F68C17B; BEAF74FEAD97D3DE2B105B5B3973C2C3967C84CB34D328BA3183DFA8F944E25F; C41B57D14CE7DF2E4E401C87AEA0F56944925D8E7385C9ACB0CF752E70AB02A7; C6D0A8E3348101A9C424AE8A0524FB65E267BF7B03BF490E7E54A96545FBA746; C9AF86678E790FBFF64B74B34AE6300A8FB02532E2C83A8A934311346714744F; DB755B49E31CF9F15B050661086173BF632CC20E614B8B44A518514B798FF26C; DCB0CD13B9A2193518FA34AA302F3290D114C07626FF72211187F6C8A24FB7D0; E31840A2DB76732FC778FD41DFFAD31B87295AE7906B15F6C5FD218D4E0C29DD; E6D5877819688BC301CE25DF6236864990A5FB6F05C4055C11428E267406A1BC","thread_id=bf1d5b02-aced-486b-baa1-b3989e16403f"
"convert-chat-thread","00 ZETTELKASTEN\INBOX\aichatbackup-2026-05-23 (1).json","00 ZETTELKASTEN\10 CHAT ARCHIVE\chat.archive.coding.break.dilemma.ce7c99e7.md","","reference","generated","048579E63CC2812400E109CEE18A35EDEBEF0789773E8FC528BB7919AF54ABE7; 0A5FF8FEC6282991C7E56791764AD04181CDB688A4E86507757423706B6300D3; 0AFCBEAC0C6571F9FE6D70FA88334F13E2FB8A19DD72DDDF4DE600AA2296B495; 23EBC0A6FA5838618512C0C6560CC17C0E2D5EA50BEF16CB32B702D7E8EB60E1; 34502ED3E5D360FBFBD1262DBA8C430B3D6C01FA22DB9B5D34FBA9A945FDA15D; 34B2B6779038E7AB432AB1C879E0E9C8366E03828FC8293C9211AAEDF3D2C140; 3CFF2CBD3DEDB404F1A89A04DB19A31CAB99867D0D2160C5A116545C8D4E8A3B; 48BD6C1A993666881ACA74E0A76B90AF962B6A4A95FB296631DB722F8CB01902; 4C8BFCEB008D24EB01074C38330AB46796426B91938CA804D4B8B11211648716; 62376A5F57D3A43C2DA9747586E650999C32D753B9E165FA755B3DEA1AF9FE8E; 63D21C555730625A1B333273C916623B1EE84126763A41FC3BB9893E9D5AB425; 6B823DCDFC5159853FC8CA069FD0FACFF6E8DDB7ACE93D1E7BB6FAD9D07C548B; 95CDD57710F88D2545ADC2FDA3050668914129A5A6C2FB7AB399485DF37234F2; 9D1320D5B2DA2CAC0A7AAD9AD1CE33786F6272332C4802F392876669F68025C8; A3D1143FBB47F7F66054E5B83120D1B2CB416BF148A78D54CCB20DC375D768B2; A5293EFA7EAC336454537411469405609F8F268910B8E67E3C7D309A0AB5A12F; AAEA8A2C1D014415B6A477FED8E06A761AFFB75FB9AE26814AEA49961273B0BE; ADD281AC7AF7F81605EBE1AE9EF52E37483E926F392545680359AA2C4920A8CB; BDBB58D5FF200C305506C127789A5416077E9A4847AA5A1E8BEC01D00F68C17B; BEAF74FEAD97D3DE2B105B5B3973C2C3967C84CB34D328BA3183DFA8F944E25F; C41B57D14CE7DF2E4E401C87AEA0F56944925D8E7385C9ACB0CF752E70AB02A7; C6D0A8E3348101A9C424AE8A0524FB65E267BF7B03BF490E7E54A96545FBA746; C9AF86678E790FBFF64B74B34AE6300A8FB02532E2C83A8A934311346714744F; DB755B49E31CF9F15B050661086173BF632CC20E614B8B44A518514B798FF26C; DCB0CD13B9A2193518FA34AA302F3290D114C07626FF72211187F6C8A24FB7D0; E31840A2DB76732FC778FD41DFFAD31B87295AE7906B15F6C5FD218D4E0C29DD; E6D5877819688BC301CE25DF6236864990A5FB6F05C4055C11428E267406A1BC","thread_id=ce7c99e7-51bf-42b8-ba72-73c64d13a53d"
"convert-chat-thread","00 ZETTELKASTEN\INBOX\aichatbackup-2026-05-23 (1).json","00 ZETTELKASTEN\10 CHAT ARCHIVE\chat.archive.outcome.first.product.design.d26465e4.md","","reference","generated","048579E63CC2812400E109CEE18A35EDEBEF0789773E8FC528BB7919AF54ABE7; 0A5FF8FEC6282991C7E56791764AD04181CDB688A4E86507757423706B6300D3; 0AFCBEAC0C6571F9FE6D70FA88334F13E2FB8A19DD72DDDF4DE600AA2296B495; 23EBC0A6FA5838618512C0C6560CC17C0E2D5EA50BEF16CB32B702D7E8EB60E1; 34502ED3E5D360FBFBD1262DBA8C430B3D6C01FA22DB9B5D34FBA9A945FDA15D; 34B2B6779038E7AB432AB1C879E0E9C8366E03828FC8293C9211AAEDF3D2C140; 3CFF2CBD3DEDB404F1A89A04DB19A31CAB99867D0D2160C5A116545C8D4E8A3B; 48BD6C1A993666881ACA74E0A76B90AF962B6A4A95FB296631DB722F8CB01902; 4C8BFCEB008D24EB01074C38330AB46796426B91938CA804D4B8B11211648716; 62376A5F57D3A43C2DA9747586E650999C32D753B9E165FA755B3DEA1AF9FE8E; 63D21C555730625A1B333273C916623B1EE84126763A41FC3BB9893E9D5AB425; 6B823DCDFC5159853FC8CA069FD0FACFF6E8DDB7ACE93D1E7BB6FAD9D07C548B; 95CDD57710F88D2545ADC2FDA3050668914129A5A6C2FB7AB399485DF37234F2; 9D1320D5B2DA2CAC0A7AAD9AD1CE33786F6272332C4802F392876669F68025C8; A3D1143FBB47F7F66054E5B83120D1B2CB416BF148A78D54CCB20DC375D768B2; A5293EFA7EAC336454537411469405609F8F268910B8E67E3C7D309A0AB5A12F; AAEA8A2C1D014415B6A477FED8E06A761AFFB75FB9AE26814AEA49961273B0BE; ADD281AC7AF7F81605EBE1AE9EF52E37483E926F392545680359AA2C4920A8CB; BDBB58D5FF200C305506C127789A5416077E9A4847AA5A1E8BEC01D00F68C17B; BEAF74FEAD97D3DE2B105B5B3973C2C3967C84CB34D328BA3183DFA8F944E25F; C41B57D14CE7DF2E4E401C87AEA0F56944925D8E7385C9ACB0CF752E70AB02A7; C6D0A8E3348101A9C424AE8A0524FB65E267BF7B03BF490E7E54A96545FBA746; C9AF86678E790FBFF64B74B34AE6300A8FB02532E2C83A8A934311346714744F; DB755B49E31CF9F15B050661086173BF632CC20E614B8B44A518514B798FF26C; DCB0CD13B9A2193518FA34AA302F3290D114C07626FF72211187F6C8A24FB7D0; E31840A2DB76732FC778FD41DFFAD31B87295AE7906B15F6C5FD218D4E0C29DD; E6D5877819688BC301CE25DF6236864990A5FB6F05C4055C11428E267406A1BC","thread_id=d26465e4-7672-4ee9-8bf7-0d88ee4b8c9a"
"convert-chat-thread","00 ZETTELKASTEN\INBOX\aichatbackup-2026-05-23 (1).json","00 ZETTELKASTEN\10 CHAT ARCHIVE\chat.archive.ai.insights.and.snark.f27d8044.md","","reference","generated","048579E63CC2812400E109CEE18A35EDEBEF0789773E8FC528BB7919AF54ABE7; 0A5FF8FEC6282991C7E56791764AD04181CDB688A4E86507757423706B6300D3; 0AFCBEAC0C6571F9FE6D70FA88334F13E2FB8A19DD72DDDF4DE600AA2296B495; 23EBC0A6FA5838618512C0C6560CC17C0E2D5EA50BEF16CB32B702D7E8EB60E1; 34502ED3E5D360FBFBD1262DBA8C430B3D6C01FA22DB9B5D34FBA9A945FDA15D; 34B2B6779038E7AB432AB1C879E0E9C8366E03828FC8293C9211AAEDF3D2C140; 3CFF2CBD3DEDB404F1A89A04DB19A31CAB99867D0D2160C5A116545C8D4E8A3B; 48BD6C1A993666881ACA74E0A76B90AF962B6A4A95FB296631DB722F8CB01902; 4C8BFCEB008D24EB01074C38330AB46796426B91938CA804D4B8B11211648716; 62376A5F57D3A43C2DA9747586E650999C32D753B9E165FA755B3DEA1AF9FE8E; 63D21C555730625A1B333273C916623B1EE84126763A41FC3BB9893E9D5AB425; 6B823DCDFC5159853FC8CA069FD0FACFF6E8DDB7ACE93D1E7BB6FAD9D07C548B; 95CDD57710F88D2545ADC2FDA3050668914129A5A6C2FB7AB399485DF37234F2; 9D1320D5B2DA2CAC0A7AAD9AD1CE33786F6272332C4802F392876669F68025C8; A3D1143FBB47F7F66054E5B83120D1B2CB416BF148A78D54CCB20DC375D768B2; A5293EFA7EAC336454537411469405609F8F268910B8E67E3C7D309A0AB5A12F; AAEA8A2C1D014415B6A477FED8E06A761AFFB75FB9AE26814AEA49961273B0BE; ADD281AC7AF7F81605EBE1AE9EF52E37483E926F392545680359AA2C4920A8CB; BDBB58D5FF200C305506C127789A5416077E9A4847AA5A1E8BEC01D00F68C17B; BEAF74FEAD97D3DE2B105B5B3973C2C3967C84CB34D328BA3183DFA8F944E25F; C41B57D14CE7DF2E4E401C87AEA0F56944925D8E7385C9ACB0CF752E70AB02A7; C6D0A8E3348101A9C424AE8A0524FB65E267BF7B03BF490E7E54A96545FBA746; C9AF86678E790FBFF64B74B34AE6300A8FB02532E2C83A8A934311346714744F; DB755B49E31CF9F15B050661086173BF632CC20E614B8B44A518514B798FF26C; DCB0CD13B9A2193518FA34AA302F3290D114C07626FF72211187F6C8A24FB7D0; E31840A2DB76732FC778FD41DFFAD31B87295AE7906B15F6C5FD218D4E0C29DD; E6D5877819688BC301CE25DF6236864990A5FB6F05C4055C11428E267406A1BC","thread_id=f27d8044-1791-4d78-a16a-54ea1c744c02"
"convert-chat-thread","00 ZETTELKASTEN\INBOX\aichatbackup-2026-05-23 (1).json","00 ZETTELKASTEN\10 CHAT ARCHIVE\chat.archive.repo.setup.and.task.flow.f7f7c429.md","","reference","generated","048579E63CC2812400E109CEE18A35EDEBEF0789773E8FC528BB7919AF54ABE7; 0A5FF8FEC6282991C7E56791764AD04181CDB688A4E86507757423706B6300D3; 0AFCBEAC0C6571F9FE6D70FA88334F13E2FB8A19DD72DDDF4DE600AA2296B495; 23EBC0A6FA5838618512C0C6560CC17C0E2D5EA50BEF16CB32B702D7E8EB60E1; 34502ED3E5D360FBFBD1262DBA8C430B3D6C01FA22DB9B5D34FBA9A945FDA15D; 34B2B6779038E7AB432AB1C879E0E9C8366E03828FC8293C9211AAEDF3D2C140; 3CFF2CBD3DEDB404F1A89A04DB19A31CAB99867D0D2160C5A116545C8D4E8A3B; 48BD6C1A993666881ACA74E0A76B90AF962B6A4A95FB296631DB722F8CB01902; 4C8BFCEB008D24EB01074C38330AB46796426B91938CA804D4B8B11211648716; 62376A5F57D3A43C2DA9747586E650999C32D753B9E165FA755B3DEA1AF9FE8E; 63D21C555730625A1B333273C916623B1EE84126763A41FC3BB9893E9D5AB425; 6B823DCDFC5159853FC8CA069FD0FACFF6E8DDB7ACE93D1E7BB6FAD9D07C548B; 95CDD57710F88D2545ADC2FDA3050668914129A5A6C2FB7AB399485DF37234F2; 9D1320D5B2DA2CAC0A7AAD9AD1CE33786F6272332C4802F392876669F68025C8; A3D1143FBB47F7F66054E5B83120D1B2CB416BF148A78D54CCB20DC375D768B2; A5293EFA7EAC336454537411469405609F8F268910B8E67E3C7D309A0AB5A12F; AAEA8A2C1D014415B6A477FED8E06A761AFFB75FB9AE26814AEA49961273B0BE; ADD281AC7AF7F81605EBE1AE9EF52E37483E926F392545680359AA2C4920A8CB; BDBB58D5FF200C305506C127789A5416077E9A4847AA5A1E8BEC01D00F68C17B; BEAF74FEAD97D3DE2B105B5B3973C2C3967C84CB34D328BA3183DFA8F944E25F; C41B57D14CE7DF2E4E401C87AEA0F56944925D8E7385C9ACB0CF752E70AB02A7; C6D0A8E3348101A9C424AE8A0524FB65E267BF7B03BF490E7E54A96545FBA746; C9AF86678E790FBFF64B74B34AE6300A8FB02532E2C83A8A934311346714744F; DB755B49E31CF9F15B050661086173BF632CC20E614B8B44A518514B798FF26C; DCB0CD13B9A2193518FA34AA302F3290D114C07626FF72211187F6C8A24FB7D0; E31840A2DB76732FC778FD41DFFAD31B87295AE7906B15F6C5FD218D4E0C29DD; E6D5877819688BC301CE25DF6236864990A5FB6F05C4055C11428E267406A1BC","thread_id=f7f7c429-f953-40c4-8bf1-bd82eb43c538"
"convert-chat-thread","00 ZETTELKASTEN\INBOX\aichatbackup-2026-05-23 (1).json","00 ZETTELKASTEN\10 CHAT ARCHIVE\chat.archive.branch.creative.co.creation.and.branching.ff26ef2f.md","","reference","generated","048579E63CC2812400E109CEE18A35EDEBEF0789773E8FC528BB7919AF54ABE7; 0A5FF8FEC6282991C7E56791764AD04181CDB688A4E86507757423706B6300D3; 0AFCBEAC0C6571F9FE6D70FA88334F13E2FB8A19DD72DDDF4DE600AA2296B495; 23EBC0A6FA5838618512C0C6560CC17C0E2D5EA50BEF16CB32B702D7E8EB60E1; 34502ED3E5D360FBFBD1262DBA8C430B3D6C01FA22DB9B5D34FBA9A945FDA15D; 34B2B6779038E7AB432AB1C879E0E9C8366E03828FC8293C9211AAEDF3D2C140; 3CFF2CBD3DEDB404F1A89A04DB19A31CAB99867D0D2160C5A116545C8D4E8A3B; 48BD6C1A993666881ACA74E0A76B90AF962B6A4A95FB296631DB722F8CB01902; 4C8BFCEB008D24EB01074C38330AB46796426B91938CA804D4B8B11211648716; 62376A5F57D3A43C2DA9747586E650999C32D753B9E165FA755B3DEA1AF9FE8E; 63D21C555730625A1B333273C916623B1EE84126763A41FC3BB9893E9D5AB425; 6B823DCDFC5159853FC8CA069FD0FACFF6E8DDB7ACE93D1E7BB6FAD9D07C548B; 95CDD57710F88D2545ADC2FDA3050668914129A5A6C2FB7AB399485DF37234F2; 9D1320D5B2DA2CAC0A7AAD9AD1CE33786F6272332C4802F392876669F68025C8; A3D1143FBB47F7F66054E5B83120D1B2CB416BF148A78D54CCB20DC375D768B2; A5293EFA7EAC336454537411469405609F8F268910B8E67E3C7D309A0AB5A12F; AAEA8A2C1D014415B6A477FED8E06A761AFFB75FB9AE26814AEA49961273B0BE; ADD281AC7AF7F81605EBE1AE9EF52E37483E926F392545680359AA2C4920A8CB; BDBB58D5FF200C305506C127789A5416077E9A4847AA5A1E8BEC01D00F68C17B; BEAF74FEAD97D3DE2B105B5B3973C2C3967C84CB34D328BA3183DFA8F944E25F; C41B57D14CE7DF2E4E401C87AEA0F56944925D8E7385C9ACB0CF752E70AB02A7; C6D0A8E3348101A9C424AE8A0524FB65E267BF7B03BF490E7E54A96545FBA746; C9AF86678E790FBFF64B74B34AE6300A8FB02532E2C83A8A934311346714744F; DB755B49E31CF9F15B050661086173BF632CC20E614B8B44A518514B798FF26C; DCB0CD13B9A2193518FA34AA302F3290D114C07626FF72211187F6C8A24FB7D0; E31840A2DB76732FC778FD41DFFAD31B87295AE7906B15F6C5FD218D4E0C29DD; E6D5877819688BC301CE25DF6236864990A5FB6F05C4055C11428E267406A1BC","thread_id=ff26ef2f-f55f-4619-9202-798b2d90d248"
"archive-original","00 ZETTELKASTEN\INBOX\aichatbackup-2026-05-23 (1).json","","00 ZETTELKASTEN\90 ARCHIVE\imports\2026-05-27\INBOX\aichatbackup-2026-05-23 (1).json","json","archived","0AFCBEAC0C6571F9FE6D70FA88334F13E2FB8A19DD72DDDF4DE600AA2296B495","aichatbackup source preserved"
"archive-original","00 ZETTELKASTEN\INBOX\aichatbackup-2026-05-23 (10).json","","00 ZETTELKASTEN\90 ARCHIVE\imports\2026-05-27\INBOX\aichatbackup-2026-05-23 (10).json","json","archived","48BD6C1A993666881ACA74E0A76B90AF962B6A4A95FB296631DB722F8CB01902","aichatbackup source preserved"
"archive-original","00 ZETTELKASTEN\INBOX\aichatbackup-2026-05-23 (11).json","","00 ZETTELKASTEN\90 ARCHIVE\imports\2026-05-27\INBOX\aichatbackup-2026-05-23 (11).json","json","archived","BEAF74FEAD97D3DE2B105B5B3973C2C3967C84CB34D328BA3183DFA8F944E25F","aichatbackup source preserved"
"archive-original","00 ZETTELKASTEN\INBOX\aichatbackup-2026-05-23 (12).json","","00 ZETTELKASTEN\90 ARCHIVE\imports\2026-05-27\INBOX\aichatbackup-2026-05-23 (12).json","json","archived","AAEA8A2C1D014415B6A477FED8E06A761AFFB75FB9AE26814AEA49961273B0BE","aichatbackup source preserved"
"archive-original","00 ZETTELKASTEN\INBOX\aichatbackup-2026-05-23 (13).json","","00 ZETTELKASTEN\90 ARCHIVE\imports\2026-05-27\INBOX\aichatbackup-2026-05-23 (13).json","json","archived","C6D0A8E3348101A9C424AE8A0524FB65E267BF7B03BF490E7E54A96545FBA746","aichatbackup source preserved"
"archive-original","00 ZETTELKASTEN\INBOX\aichatbackup-2026-05-23 (14).json","","00 ZETTELKASTEN\90 ARCHIVE\imports\2026-05-27\INBOX\aichatbackup-2026-05-23 (14).json","json","archived","34502ED3E5D360FBFBD1262DBA8C430B3D6C01FA22DB9B5D34FBA9A945FDA15D","aichatbackup source preserved"
"archive-original","00 ZETTELKASTEN\INBOX\aichatbackup-2026-05-23 (15).json","","00 ZETTELKASTEN\90 ARCHIVE\imports\2026-05-27\INBOX\aichatbackup-2026-05-23 (15).json","json","archived","0A5FF8FEC6282991C7E56791764AD04181CDB688A4E86507757423706B6300D3","aichatbackup source preserved"
"archive-original","00 ZETTELKASTEN\INBOX\aichatbackup-2026-05-23 (16).json","","00 ZETTELKASTEN\90 ARCHIVE\imports\2026-05-27\INBOX\aichatbackup-2026-05-23 (16).json","json","archived","E6D5877819688BC301CE25DF6236864990A5FB6F05C4055C11428E267406A1BC","aichatbackup source preserved"
"archive-original","00 ZETTELKASTEN\INBOX\aichatbackup-2026-05-23 (17).json","","00 ZETTELKASTEN\90 ARCHIVE\imports\2026-05-27\INBOX\aichatbackup-2026-05-23 (17).json","json","archived","A3D1143FBB47F7F66054E5B83120D1B2CB416BF148A78D54CCB20DC375D768B2","aichatbackup source preserved"
"archive-original","00 ZETTELKASTEN\INBOX\aichatbackup-2026-05-23 (18).json","","00 ZETTELKASTEN\90 ARCHIVE\imports\2026-05-27\INBOX\aichatbackup-2026-05-23 (18).json","json","archived","E31840A2DB76732FC778FD41DFFAD31B87295AE7906B15F6C5FD218D4E0C29DD","aichatbackup source preserved"
"archive-original","00 ZETTELKASTEN\INBOX\aichatbackup-2026-05-23 (19).json","","00 ZETTELKASTEN\90 ARCHIVE\imports\2026-05-27\INBOX\aichatbackup-2026-05-23 (19).json","json","archived","A5293EFA7EAC336454537411469405609F8F268910B8E67E3C7D309A0AB5A12F","aichatbackup source preserved"
"archive-original","00 ZETTELKASTEN\INBOX\aichatbackup-2026-05-23 (2).json","","00 ZETTELKASTEN\90 ARCHIVE\imports\2026-05-27\INBOX\aichatbackup-2026-05-23 (2).json","json","archived","63D21C555730625A1B333273C916623B1EE84126763A41FC3BB9893E9D5AB425","aichatbackup source preserved"
"archive-original","00 ZETTELKASTEN\INBOX\aichatbackup-2026-05-23 (20).json","","00 ZETTELKASTEN\90 ARCHIVE\imports\2026-05-27\INBOX\aichatbackup-2026-05-23 (20).json","json","archived","23EBC0A6FA5838618512C0C6560CC17C0E2D5EA50BEF16CB32B702D7E8EB60E1","aichatbackup source preserved"
"archive-original","00 ZETTELKASTEN\INBOX\aichatbackup-2026-05-23 (21).json","","00 ZETTELKASTEN\90 ARCHIVE\imports\2026-05-27\INBOX\aichatbackup-2026-05-23 (21).json","json","archived","6B823DCDFC5159853FC8CA069FD0FACFF6E8DDB7ACE93D1E7BB6FAD9D07C548B","aichatbackup source preserved"
"archive-original","00 ZETTELKASTEN\INBOX\aichatbackup-2026-05-23 (22).json","","00 ZETTELKASTEN\90 ARCHIVE\imports\2026-05-27\INBOX\aichatbackup-2026-05-23 (22).json","json","archived","34B2B6779038E7AB432AB1C879E0E9C8366E03828FC8293C9211AAEDF3D2C140","aichatbackup source preserved"
"archive-original","00 ZETTELKASTEN\INBOX\aichatbackup-2026-05-23 (23).json","","00 ZETTELKASTEN\90 ARCHIVE\imports\2026-05-27\INBOX\aichatbackup-2026-05-23 (23).json","json","archived","ADD281AC7AF7F81605EBE1AE9EF52E37483E926F392545680359AA2C4920A8CB","aichatbackup source preserved"
"archive-original","00 ZETTELKASTEN\INBOX\aichatbackup-2026-05-23 (24).json","","00 ZETTELKASTEN\90 ARCHIVE\imports\2026-05-27\INBOX\aichatbackup-2026-05-23 (24).json","json","archived","62376A5F57D3A43C2DA9747586E650999C32D753B9E165FA755B3DEA1AF9FE8E","aichatbackup source preserved"
"archive-original","00 ZETTELKASTEN\INBOX\aichatbackup-2026-05-23 (25).json","","00 ZETTELKASTEN\90 ARCHIVE\imports\2026-05-27\INBOX\aichatbackup-2026-05-23 (25).json","json","archived","C9AF86678E790FBFF64B74B34AE6300A8FB02532E2C83A8A934311346714744F","aichatbackup source preserved"
"archive-original","00 ZETTELKASTEN\INBOX\aichatbackup-2026-05-23 (26).json","","00 ZETTELKASTEN\90 ARCHIVE\imports\2026-05-27\INBOX\aichatbackup-2026-05-23 (26).json","json","archived","DB755B49E31CF9F15B050661086173BF632CC20E614B8B44A518514B798FF26C","aichatbackup source preserved"
"archive-original","00 ZETTELKASTEN\INBOX\aichatbackup-2026-05-23 (3).json","","00 ZETTELKASTEN\90 ARCHIVE\imports\2026-05-27\INBOX\aichatbackup-2026-05-23 (3).json","json","archived","95CDD57710F88D2545ADC2FDA3050668914129A5A6C2FB7AB399485DF37234F2","aichatbackup source preserved"
"archive-original","00 ZETTELKASTEN\INBOX\aichatbackup-2026-05-23 (4).json","","00 ZETTELKASTEN\90 ARCHIVE\imports\2026-05-27\INBOX\aichatbackup-2026-05-23 (4).json","json","archived","BDBB58D5FF200C305506C127789A5416077E9A4847AA5A1E8BEC01D00F68C17B","aichatbackup source preserved"
"archive-original","00 ZETTELKASTEN\INBOX\aichatbackup-2026-05-23 (5).json","","00 ZETTELKASTEN\90 ARCHIVE\imports\2026-05-27\INBOX\aichatbackup-2026-05-23 (5).json","json","archived","3CFF2CBD3DEDB404F1A89A04DB19A31CAB99867D0D2160C5A116545C8D4E8A3B","aichatbackup source preserved"
"archive-original","00 ZETTELKASTEN\INBOX\aichatbackup-2026-05-23 (6).json","","00 ZETTELKASTEN\90 ARCHIVE\imports\2026-05-27\INBOX\aichatbackup-2026-05-23 (6).json","json","archived","9D1320D5B2DA2CAC0A7AAD9AD1CE33786F6272332C4802F392876669F68025C8","aichatbackup source preserved"
"archive-original","00 ZETTELKASTEN\INBOX\aichatbackup-2026-05-23 (7).json","","00 ZETTELKASTEN\90 ARCHIVE\imports\2026-05-27\INBOX\aichatbackup-2026-05-23 (7).json","json","archived","048579E63CC2812400E109CEE18A35EDEBEF0789773E8FC528BB7919AF54ABE7","aichatbackup source preserved"
"archive-original","00 ZETTELKASTEN\INBOX\aichatbackup-2026-05-23 (8).json","","00 ZETTELKASTEN\90 ARCHIVE\imports\2026-05-27\INBOX\aichatbackup-2026-05-23 (8).json","json","archived","C41B57D14CE7DF2E4E401C87AEA0F56944925D8E7385C9ACB0CF752E70AB02A7","aichatbackup source preserved"
"archive-original","00 ZETTELKASTEN\INBOX\aichatbackup-2026-05-23 (9).json","","00 ZETTELKASTEN\90 ARCHIVE\imports\2026-05-27\INBOX\aichatbackup-2026-05-23 (9).json","json","archived","DCB0CD13B9A2193518FA34AA302F3290D114C07626FF72211187F6C8A24FB7D0","aichatbackup source preserved"
"archive-original","00 ZETTELKASTEN\INBOX\aichatbackup-2026-05-23.json","","00 ZETTELKASTEN\90 ARCHIVE\imports\2026-05-27\INBOX\aichatbackup-2026-05-23.json","json","archived","4C8BFCEB008D24EB01074C38330AB46796426B91938CA804D4B8B11211648716","aichatbackup source preserved"
"convert-source-note","00 ZETTELKASTEN\INBOX\.agents-export-2026-05-17.md","00 ZETTELKASTEN\20 SOURCE INDEX\inbox.source.agents.export.2026.05.17.md","","reference","generated","3793B7E5E201DF09FCA53C4E74AD4F0DA58313C0B740301B42EADF2E8049EC81","markdown-or-text preserved"
"archive-original","00 ZETTELKASTEN\INBOX\.agents-export-2026-05-17.md","","00 ZETTELKASTEN\90 ARCHIVE\imports\2026-05-27\INBOX\.agents-export-2026-05-17.md","md","archived","3793B7E5E201DF09FCA53C4E74AD4F0DA58313C0B740301B42EADF2E8049EC81","source preserved"
"index-pdf-source","00 ZETTELKASTEN\INBOX\2-2 Final Project Part I Milestone One - Self-Assessment.pdf","00 ZETTELKASTEN\20 SOURCE INDEX\inbox.source.2.2.final.project.part.i.milestone.one.self.assessment.md","","reference","generated","DCA2B4F841BCB8F784C673C77641C652EADC0F824E1E5F56A098D81F170C308C","pdf indexed without OCR"
"archive-original","00 ZETTELKASTEN\INBOX\2-2 Final Project Part I Milestone One - Self-Assessment.pdf","","00 ZETTELKASTEN\90 ARCHIVE\imports\2026-05-27\INBOX\2-2 Final Project Part I Milestone One - Self-Assessment.pdf","pdf","archived","DCA2B4F841BCB8F784C673C77641C652EADC0F824E1E5F56A098D81F170C308C","source preserved"
"index-pdf-source","00 ZETTELKASTEN\INBOX\3-2 Final Project Part I - Self-Assessment Investigation.pdf","00 ZETTELKASTEN\20 SOURCE INDEX\inbox.source.3.2.final.project.part.i.self.assessment.investigation.md","","reference","generated","4E9A2C79D53D4A5D6250932CAF8B8E0C37B55CEE743A70D2234AB074C749B912","pdf indexed without OCR"
"archive-original","00 ZETTELKASTEN\INBOX\3-2 Final Project Part I - Self-Assessment Investigation.pdf","","00 ZETTELKASTEN\90 ARCHIVE\imports\2026-05-27\INBOX\3-2 Final Project Part I - Self-Assessment Investigation.pdf","pdf","archived","4E9A2C79D53D4A5D6250932CAF8B8E0C37B55CEE743A70D2234AB074C749B912","source preserved"
"index-pdf-source","00 ZETTELKASTEN\INBOX\5-2 Final Project Part II Milestone Two - Organizational Vision and Culture.pdf","00 ZETTELKASTEN\20 SOURCE INDEX\inbox.source.5.2.final.project.part.ii.milestone.two.organizational.vision.and.culture.md","","reference","generated","71A7C2E5E36BABBB473F5A1A45380AE59F8C9D5060A067A262E7C1F07F7946F8","pdf indexed without OCR"
"archive-original","00 ZETTELKASTEN\INBOX\5-2 Final Project Part II Milestone Two - Organizational Vision and Culture.pdf","","00 ZETTELKASTEN\90 ARCHIVE\imports\2026-05-27\INBOX\5-2 Final Project Part II Milestone Two - Organizational Vision and Culture.pdf","pdf","archived","71A7C2E5E36BABBB473F5A1A45380AE59F8C9D5060A067A262E7C1F07F7946F8","source preserved"
"index-pdf-source","00 ZETTELKASTEN\INBOX\7-2 Final Project Part II Milestone Three - Problem-Solving and Conflict Management.pdf","00 ZETTELKASTEN\20 SOURCE INDEX\inbox.source.7.2.final.project.part.ii.milestone.three.problem.solving.and.conflict.management.md","","reference","generated","665395225C7BFA6A604111A00C248B9858E544F009D65A8839FCA36DDF9D088F","pdf indexed without OCR"
"archive-original","00 ZETTELKASTEN\INBOX\7-2 Final Project Part II Milestone Three - Problem-Solving and Conflict Management.pdf","","00 ZETTELKASTEN\90 ARCHIVE\imports\2026-05-27\INBOX\7-2 Final Project Part II Milestone Three - Problem-Solving and Conflict Management.pdf","pdf","archived","665395225C7BFA6A604111A00C248B9858E544F009D65A8839FCA36DDF9D088F","source preserved"
"index-pdf-source","00 ZETTELKASTEN\INBOX\9-1 Final Project Part II - Leadership Assessment.pdf","00 ZETTELKASTEN\20 SOURCE INDEX\inbox.source.9.1.final.project.part.ii.leadership.assessment.md","","reference","generated","3B477693C8415FACF8F5C707FCE5749FC7A3AE730696F3B2746A5D0A3F3D0B94","pdf indexed without OCR"
"archive-original","00 ZETTELKASTEN\INBOX\9-1 Final Project Part II - Leadership Assessment.pdf","","00 ZETTELKASTEN\90 ARCHIVE\imports\2026-05-27\INBOX\9-1 Final Project Part II - Leadership Assessment.pdf","pdf","archived","3B477693C8415FACF8F5C707FCE5749FC7A3AE730696F3B2746A5D0A3F3D0B94","source preserved"
"index-pdf-source","00 ZETTELKASTEN\INBOX\Brady Motion Dominguez.pdf","00 ZETTELKASTEN\20 SOURCE INDEX\inbox.source.brady.motion.dominguez.md","","reference","generated","AA28D9AC48BBD7D5FEA9FDBAD2E6F4F35C4B07ADEB101977E70AD3A4E62A7B84","pdf indexed without OCR"
"archive-original","00 ZETTELKASTEN\INBOX\Brady Motion Dominguez.pdf","","00 ZETTELKASTEN\90 ARCHIVE\imports\2026-05-27\INBOX\Brady Motion Dominguez.pdf","pdf","archived","AA28D9AC48BBD7D5FEA9FDBAD2E6F4F35C4B07ADEB101977E70AD3A4E62A7B84","source preserved"
"convert-source-code","00 ZETTELKASTEN\INBOX\build-court-gesture.ts","00 ZETTELKASTEN\20 SOURCE INDEX\inbox.source.build.court.gesture.md","","reference","generated","DA30C72312743788E1D8B6C872A262FD8A1400F859C25946B6E2B6ABC43A11CD","source code preserved in fenced block"
"archive-original","00 ZETTELKASTEN\INBOX\build-court-gesture.ts","","00 ZETTELKASTEN\90 ARCHIVE\imports\2026-05-27\INBOX\build-court-gesture.ts","ts","archived","DA30C72312743788E1D8B6C872A262FD8A1400F859C25946B6E2B6ABC43A11CD","source preserved"
"index-pdf-source","00 ZETTELKASTEN\INBOX\Case Timeline & Strategy Cheat Sheet.pdf","00 ZETTELKASTEN\20 SOURCE INDEX\inbox.source.case.timeline.and.strategy.cheat.sheet.md","","reference","generated","89201D7B8EE1D0349527D93350566BCC26E4B44CB277509FF237782B7B3784BA","pdf indexed without OCR"
"archive-original","00 ZETTELKASTEN\INBOX\Case Timeline & Strategy Cheat Sheet.pdf","","00 ZETTELKASTEN\90 ARCHIVE\imports\2026-05-27\INBOX\Case Timeline & Strategy Cheat Sheet.pdf","pdf","archived","89201D7B8EE1D0349527D93350566BCC26E4B44CB277509FF237782B7B3784BA","source preserved"
"convert-source-note","00 ZETTELKASTEN\INBOX\codebase-context-2026-05-08.md","00 ZETTELKASTEN\20 SOURCE INDEX\inbox.source.codebase.context.2026.05.08.md","","reference","generated","BDBEE636EDD5F67D49446EE5E732670D251F763118CEBC307FA14671E24F7B25","markdown-or-text preserved"
"archive-original","00 ZETTELKASTEN\INBOX\codebase-context-2026-05-08.md","","00 ZETTELKASTEN\90 ARCHIVE\imports\2026-05-27\INBOX\codebase-context-2026-05-08.md","md","archived","BDBEE636EDD5F67D49446EE5E732670D251F763118CEBC307FA14671E24F7B25","source preserved"
"convert-source-note","00 ZETTELKASTEN\INBOX\codebase-context-2026-05-22.md","00 ZETTELKASTEN\20 SOURCE INDEX\inbox.source.codebase.context.2026.05.22.md","","reference","generated","609CC942E4A941556528A17949C8174D3CE67A56B2028E0B167FE2FF3A5634F6","markdown-or-text preserved"
"archive-original","00 ZETTELKASTEN\INBOX\codebase-context-2026-05-22.md","","00 ZETTELKASTEN\90 ARCHIVE\imports\2026-05-27\INBOX\codebase-context-2026-05-22.md","md","archived","609CC942E4A941556528A17949C8174D3CE67A56B2028E0B167FE2FF3A5634F6","source preserved"
"convert-source-note","00 ZETTELKASTEN\INBOX\codebase-export-2026-05-22.md","00 ZETTELKASTEN\20 SOURCE INDEX\inbox.source.codebase.export.2026.05.22.md","","reference","generated","78004972B133A0108F4B48CF1B24B9B1BA2D3FAD19427F5D2094338419203935","markdown-or-text preserved"
"archive-original","00 ZETTELKASTEN\INBOX\codebase-export-2026-05-22.md","","00 ZETTELKASTEN\90 ARCHIVE\imports\2026-05-27\INBOX\codebase-export-2026-05-22.md","md","archived","78004972B133A0108F4B48CF1B24B9B1BA2D3FAD19427F5D2094338419203935","source preserved"
"convert-source-note","00 ZETTELKASTEN\INBOX\Court Gesture.md","00 ZETTELKASTEN\20 SOURCE INDEX\inbox.source.court.gesture.md","","reference","generated","4021A3146DE73D7B95BC2E65C2A394506F9E1732641460E8E431CF4BE47F2DA8","markdown-or-text preserved"
"archive-original","00 ZETTELKASTEN\INBOX\Court Gesture.md","","00 ZETTELKASTEN\90 ARCHIVE\imports\2026-05-27\INBOX\Court Gesture.md","md","archived","4021A3146DE73D7B95BC2E65C2A394506F9E1732641460E8E431CF4BE47F2DA8","source preserved"
"convert-source-note","00 ZETTELKASTEN\INBOX\Court Gesture.source.md","00 ZETTELKASTEN\20 SOURCE INDEX\inbox.source.court.gesture.source.md","","reference","generated","0C88198C6F4D5DFCFDE7D289CD3F8738F3DBB48188D65CD2D6F0ABA3DA99AA5E","markdown-or-text preserved"
"archive-original","00 ZETTELKASTEN\INBOX\Court Gesture.source.md","","00 ZETTELKASTEN\90 ARCHIVE\imports\2026-05-27\INBOX\Court Gesture.source.md","md","archived","0C88198C6F4D5DFCFDE7D289CD3F8738F3DBB48188D65CD2D6F0ABA3DA99AA5E","source preserved"
"convert-source-code","00 ZETTELKASTEN\INBOX\court-gesture.contract.yaml","00 ZETTELKASTEN\20 SOURCE INDEX\inbox.source.court.gesture.contract.md","","reference","generated","49A28DCFDE25D0161E7AB6B24DC5C7E68CE8DB136573D43FC8DBCD44138F0C39","source code preserved in fenced block"
"archive-original","00 ZETTELKASTEN\INBOX\court-gesture.contract.yaml","","00 ZETTELKASTEN\90 ARCHIVE\imports\2026-05-27\INBOX\court-gesture.contract.yaml","yaml","archived","49A28DCFDE25D0161E7AB6B24DC5C7E68CE8DB136573D43FC8DBCD44138F0C39","source preserved"
"inventory","00 ZETTELKASTEN\INBOX\court-gesture.data.json","","","json","unrecognized","562E7E93539A24B64483CA3F792494F063437F9811AF042165C9C8300C932C1F","non-chat JSON inventoried only"
"index-pdf-source","00 ZETTELKASTEN\INBOX\Invoice-DLW8U5GO-0001 (1).pdf","00 ZETTELKASTEN\20 SOURCE INDEX\inbox.source.invoice.dlw8u5go.0001.1.md","","reference","generated","D969D874E4BE04F47D409C732DA49B33A7C2A0873865C095C602CEA902AC1EE7","pdf indexed without OCR"
"archive-original","00 ZETTELKASTEN\INBOX\Invoice-DLW8U5GO-0001 (1).pdf","","00 ZETTELKASTEN\90 ARCHIVE\imports\2026-05-27\INBOX\Invoice-DLW8U5GO-0001 (1).pdf","pdf","archived","D969D874E4BE04F47D409C732DA49B33A7C2A0873865C095C602CEA902AC1EE7","source preserved"
"index-pdf-source","00 ZETTELKASTEN\INBOX\Invoice-DLW8U5GO-0001.pdf","00 ZETTELKASTEN\20 SOURCE INDEX\inbox.source.invoice.dlw8u5go.0001.md","","reference","generated","467B9707346111C3E4D152DAB6BFE8C508704DDE23994E84B8431B3029089E26","pdf indexed without OCR"
"archive-original","00 ZETTELKASTEN\INBOX\Invoice-DLW8U5GO-0001.pdf","","00 ZETTELKASTEN\90 ARCHIVE\imports\2026-05-27\INBOX\Invoice-DLW8U5GO-0001.pdf","pdf","archived","467B9707346111C3E4D152DAB6BFE8C508704DDE23994E84B8431B3029089E26","source preserved"
"convert-source-code","00 ZETTELKASTEN\INBOX\LandingPageTemplate.tsx","00 ZETTELKASTEN\20 SOURCE INDEX\inbox.source.landingpagetemplate.md","","reference","generated","0CDEDF9F76372DBC4C2EF189A30AED707FEC7C3A002084B4441AF449CDB6B143","source code preserved in fenced block"
"archive-original","00 ZETTELKASTEN\INBOX\LandingPageTemplate.tsx","","00 ZETTELKASTEN\90 ARCHIVE\imports\2026-05-27\INBOX\LandingPageTemplate.tsx","tsx","archived","0CDEDF9F76372DBC4C2EF189A30AED707FEC7C3A002084B4441AF449CDB6B143","source preserved"
"index-pdf-source","00 ZETTELKASTEN\INBOX\May 27 Nm Preliminary Hearing Prep & Strategy.pdf","00 ZETTELKASTEN\20 SOURCE INDEX\inbox.source.may.27.nm.preliminary.hearing.prep.and.strategy.md","","reference","generated","71CF92D900854DF285C9F5ACBC3F8FF9621710CDE666BB93F73140174D12FEE0","pdf indexed without OCR"
"archive-original","00 ZETTELKASTEN\INBOX\May 27 Nm Preliminary Hearing Prep & Strategy.pdf","","00 ZETTELKASTEN\90 ARCHIVE\imports\2026-05-27\INBOX\May 27 Nm Preliminary Hearing Prep & Strategy.pdf","pdf","archived","71CF92D900854DF285C9F5ACBC3F8FF9621710CDE666BB93F73140174D12FEE0","source preserved"
"index-pdf-source","00 ZETTELKASTEN\INBOX\Motion In Limine Dominguez 1.pdf","00 ZETTELKASTEN\20 SOURCE INDEX\inbox.source.motion.in.limine.dominguez.1.md","","reference","generated","8B064150E98473374D1518977067F683FDA72634B41C5CDCDB5088D8158E7995","pdf indexed without OCR"
"archive-original","00 ZETTELKASTEN\INBOX\Motion In Limine Dominguez 1.pdf","","00 ZETTELKASTEN\90 ARCHIVE\imports\2026-05-27\INBOX\Motion In Limine Dominguez 1.pdf","pdf","archived","8B064150E98473374D1518977067F683FDA72634B41C5CDCDB5088D8158E7995","source preserved"
"index-pdf-source","00 ZETTELKASTEN\INBOX\Motion To Compel Discovery Dominguez 1.pdf","00 ZETTELKASTEN\20 SOURCE INDEX\inbox.source.motion.to.compel.discovery.dominguez.1.md","","reference","generated","2B2760FFA93120D394040997E8068AFA59D196EEE9DD7C886698FE8137984105","pdf indexed without OCR"
"archive-original","00 ZETTELKASTEN\INBOX\Motion To Compel Discovery Dominguez 1.pdf","","00 ZETTELKASTEN\90 ARCHIVE\imports\2026-05-27\INBOX\Motion To Compel Discovery Dominguez 1.pdf","pdf","archived","2B2760FFA93120D394040997E8068AFA59D196EEE9DD7C886698FE8137984105","source preserved"
"index-pdf-source","00 ZETTELKASTEN\INBOX\Motion To Suppress Evidence Dominguez (1).pdf","00 ZETTELKASTEN\20 SOURCE INDEX\inbox.source.motion.to.suppress.evidence.dominguez.1.md","","reference","generated","D80FF223BCD04C43B49F45413C07DEB6A531952FD1BFE167C10E4640C1778499","pdf indexed without OCR"
"archive-original","00 ZETTELKASTEN\INBOX\Motion To Suppress Evidence Dominguez (1).pdf","","00 ZETTELKASTEN\90 ARCHIVE\imports\2026-05-27\INBOX\Motion To Suppress Evidence Dominguez (1).pdf","pdf","archived","D80FF223BCD04C43B49F45413C07DEB6A531952FD1BFE167C10E4640C1778499","source preserved"
"index-pdf-source","00 ZETTELKASTEN\INBOX\Motion To Suppress Evidence Dominguez.pdf","00 ZETTELKASTEN\20 SOURCE INDEX\inbox.source.motion.to.suppress.evidence.dominguez.md","","reference","generated","D80FF223BCD04C43B49F45413C07DEB6A531952FD1BFE167C10E4640C1778499","pdf indexed without OCR"
"archive-original","00 ZETTELKASTEN\INBOX\Motion To Suppress Evidence Dominguez.pdf","","00 ZETTELKASTEN\90 ARCHIVE\imports\2026-05-27\INBOX\Motion To Suppress Evidence Dominguez.pdf","pdf","archived","D80FF223BCD04C43B49F45413C07DEB6A531952FD1BFE167C10E4640C1778499","source preserved"
"index-pdf-source","00 ZETTELKASTEN\INBOX\NM Drug Case Motion Packet.pdf","00 ZETTELKASTEN\20 SOURCE INDEX\inbox.source.nm.drug.case.motion.packet.md","","reference","generated","936F04B89E2DA6D2D63548E7727B1491B0102E3F7D97057F8641E960DB49D7EF","pdf indexed without OCR"
"archive-original","00 ZETTELKASTEN\INBOX\NM Drug Case Motion Packet.pdf","","00 ZETTELKASTEN\90 ARCHIVE\imports\2026-05-27\INBOX\NM Drug Case Motion Packet.pdf","pdf","archived","936F04B89E2DA6D2D63548E7727B1491B0102E3F7D97057F8641E960DB49D7EF","source preserved"
"index-pdf-source","00 ZETTELKASTEN\INBOX\NM Pretrial Services Statement.pdf","00 ZETTELKASTEN\20 SOURCE INDEX\inbox.source.nm.pretrial.services.statement.md","","reference","generated","C900384B42BDE630C6296CAED5700581CBE4B2D81F94464C2E8E9CCFC5175D05","pdf indexed without OCR"
"archive-original","00 ZETTELKASTEN\INBOX\NM Pretrial Services Statement.pdf","","00 ZETTELKASTEN\90 ARCHIVE\imports\2026-05-27\INBOX\NM Pretrial Services Statement.pdf","pdf","archived","C900384B42BDE630C6296CAED5700581CBE4B2D81F94464C2E8E9CCFC5175D05","source preserved"
"index-pdf-source","00 ZETTELKASTEN\INBOX\nm-oag-search-seizure-manual.pdf","00 ZETTELKASTEN\20 SOURCE INDEX\inbox.source.nm.oag.search.seizure.manual.md","","reference","generated","6CB58C6047F41C3545DFC7376F4F6054A206AAB52CC709EAB84418196C6CACDE","pdf indexed without OCR"
"archive-original","00 ZETTELKASTEN\INBOX\nm-oag-search-seizure-manual.pdf","","00 ZETTELKASTEN\90 ARCHIVE\imports\2026-05-27\INBOX\nm-oag-search-seizure-manual.pdf","pdf","archived","6CB58C6047F41C3545DFC7376F4F6054A206AAB52CC709EAB84418196C6CACDE","source preserved"
"convert-source-note","00 ZETTELKASTEN\INBOX\NoteGPT_TRANSCRIPT_I Studied 1,460 Onboarding Flows. Here's What I Found.txt","00 ZETTELKASTEN\20 SOURCE INDEX\inbox.source.notegpt.transcript.i.studied.1.460.onboarding.flows.here.s.what.i.found.md","","reference","generated","675CB22AFD67D47DC30B6CB1A3A1FEE19BC19E654E2A0AC3B617A63EE2F73285","markdown-or-text preserved"
"archive-original","00 ZETTELKASTEN\INBOX\NoteGPT_TRANSCRIPT_I Studied 1,460 Onboarding Flows. Here's What I Found.txt","","00 ZETTELKASTEN\90 ARCHIVE\imports\2026-05-27\INBOX\NoteGPT_TRANSCRIPT_I Studied 1,460 Onboarding Flows. Here's What I Found.txt","txt","archived","675CB22AFD67D47DC30B6CB1A3A1FEE19BC19E654E2A0AC3B617A63EE2F73285","source preserved"
"index-pdf-source","00 ZETTELKASTEN\INBOX\Receipt-2554-0521.pdf","00 ZETTELKASTEN\20 SOURCE INDEX\inbox.source.receipt.2554.0521.md","","reference","generated","4FCF2B136A567E88AFCB3EA7874E4D1343A27A5519EDA0B60F98C7D3591CEB51","pdf indexed without OCR"
"archive-original","00 ZETTELKASTEN\INBOX\Receipt-2554-0521.pdf","","00 ZETTELKASTEN\90 ARCHIVE\imports\2026-05-27\INBOX\Receipt-2554-0521.pdf","pdf","archived","4FCF2B136A567E88AFCB3EA7874E4D1343A27A5519EDA0B60F98C7D3591CEB51","source preserved"
"index-pdf-source","00 ZETTELKASTEN\INBOX\Response To Petition For Order Of Protection.pdf","00 ZETTELKASTEN\20 SOURCE INDEX\inbox.source.response.to.petition.for.order.of.protection.md","","reference","generated","F4B2C6FFAB804F2B7E92ADD75FEC96F8F85219FDF32EA5C544B62E8CD65A1AAF","pdf indexed without OCR"
"archive-original","00 ZETTELKASTEN\INBOX\Response To Petition For Order Of Protection.pdf","","00 ZETTELKASTEN\90 ARCHIVE\imports\2026-05-27\INBOX\Response To Petition For Order Of Protection.pdf","pdf","archived","F4B2C6FFAB804F2B7E92ADD75FEC96F8F85219FDF32EA5C544B62E8CD65A1AAF","source preserved"
"index-pdf-source","00 ZETTELKASTEN\INBOX\Texas Bondsman Reporting Statement.pdf","00 ZETTELKASTEN\20 SOURCE INDEX\inbox.source.texas.bondsman.reporting.statement.md","","reference","generated","5147DD17B449CCBFDE09C633D89699AFDAB3F84C5617E33E112D699F66FFA6A8","pdf indexed without OCR"
"archive-original","00 ZETTELKASTEN\INBOX\Texas Bondsman Reporting Statement.pdf","","00 ZETTELKASTEN\90 ARCHIVE\imports\2026-05-27\INBOX\Texas Bondsman Reporting Statement.pdf","pdf","archived","5147DD17B449CCBFDE09C633D89699AFDAB3F84C5617E33E112D699F66FFA6A8","source preserved"
"convert-source-note","00 ZETTELKASTEN\INBOX\Untitled-1.md","00 ZETTELKASTEN\20 SOURCE INDEX\inbox.source.untitled.1.md","","reference","generated","201D70264AD64BF9956FE1C8D8B03C6987D31FB6DFAC98A8FEAA24AF965552A2","markdown-or-text preserved"
"archive-original","00 ZETTELKASTEN\INBOX\Untitled-1.md","","00 ZETTELKASTEN\90 ARCHIVE\imports\2026-05-27\INBOX\Untitled-1.md","md","archived","201D70264AD64BF9956FE1C8D8B03C6987D31FB6DFAC98A8FEAA24AF965552A2","source preserved"
"convert-source-note","00 ZETTELKASTEN\INBOX\[AI Chat Backup Context Seed].md","00 ZETTELKASTEN\20 SOURCE INDEX\inbox.source.ai.chat.backup.context.seed.md","","reference","generated","4A9D8525D79486D798BB50D65979F814F095482A91FA21595F67B63E153E305B","markdown-or-text preserved"
"archive-original","00 ZETTELKASTEN\INBOX\[AI Chat Backup Context Seed].md","","00 ZETTELKASTEN\90 ARCHIVE\imports\2026-05-27\INBOX\[AI Chat Backup Context Seed].md","md","archived","4A9D8525D79486D798BB50D65979F814F095482A91FA21595F67B63E153E305B","source preserved"
"index-json-source","00 ZETTELKASTEN\INBOX\court-gesture.data.json","00 ZETTELKASTEN\20 SOURCE INDEX\inbox.source.court.gesture.data.md","","reference","generated","562E7E93539A24B64483CA3F792494F063437F9811AF042165C9C8300C932C1F","unrecognized JSON indexed without parsing"
"archive-original","00 ZETTELKASTEN\INBOX\court-gesture.data.json","","00 ZETTELKASTEN\90 ARCHIVE\imports\2026-05-27\INBOX\court-gesture.data.json","json","archived","562E7E93539A24B64483CA3F792494F063437F9811AF042165C9C8300C932C1F","source preserved"
